TABLE_CATALOG,TABLE_SCHEMA,TABLE_NAME,CONSTRAINT_CATALOG,CONSTRAINT_SCHEMA,CONSTRAINT_NAME
FSP_V3_Production,dbo,tblPreLoadedACModels,FSP_V3_Production,dbo,PK_tblPreLoadedACModels
FSP_V3_Production,mx,StockRecordsToInventoryBinsJoiner,FSP_V3_Production,mx,FK_StockRecordsToBinLocationsJoiner_StockRecords
FSP_V3_Production,mx,WorkItems,FSP_V3_Production,mx,UK_WorkItems_Unique
FSP_V3_Production,inv,PackageInstances,FSP_V3_Production,inv,CHK_PackageInstances_Version
FSP_V3_Production,dbo,tblRolePermissionJoiner,FSP_V3_Production,dbo,FK_tblRolePermissionJoiner_tblRole
FSP_V3_Production,dbo,GlobalUserSettings,FSP_V3_Production,dbo,PK_GlobalUserSettings
FSP_V3_Production,dbo,SalesTransactionResources,FSP_V3_Production,dbo,PK_SalesTransactionResources
FSP_V3_Production,dbo,tblUserRoleJoiner,FSP_V3_Production,dbo,FK_tblUserRoleJoiner_tblRole
FSP_V3_Production,mx,WorkItemAssignees,FSP_V3_Production,mx,PK_WorkItemAssignees_1
FSP_V3_Production,dbo,SalesTransactionResources,FSP_V3_Production,dbo,UK_SalesTransactionResources_OperatorId_SalesTransactionId_ParentResourceId_ResourceId
FSP_V3_Production,dbo,Debriefs,FSP_V3_Production,dbo,PK_Debriefs
FSP_V3_Production,dbo,tblRemovedReservationResources,FSP_V3_Production,dbo,FK_tblRemovedReservationResources_tblRemovedReservation
FSP_V3_Production,dbo,MaintenanceReminderCalculationJobs,FSP_V3_Production,dbo,PK_MaintenanceReminderCalculationJobs2
FSP_V3_Production,mx,WorkItemAssignees,FSP_V3_Production,mx,UK_WorkItemAssigneeGuid_WorkItemId
FSP_V3_Production,mx,MaintenanceLocationTimeTypeRates,FSP_V3_Production,mx,FK_MaintenanceLocationTimeTypeRates_TimeTypes
FSP_V3_Production,inv,Packages,FSP_V3_Production,inv,PK_Packages
FSP_V3_Production,dbo,ScheduleMatchUserPreferencesToAircraftJoiner,FSP_V3_Production,dbo,PK_ScheduleMatchUserPreferencesToAircraftJoiner
FSP_V3_Production,dbo,tblCountries,FSP_V3_Production,dbo,PK_Countries
FSP_V3_Production,mx,MaintenanceLocationTimeTypeRates,FSP_V3_Production,mx,FK_MaintenanceLocationTimeTypeRates_MaintenanceLocations
FSP_V3_Production,dbo,MassEmailAttachments,FSP_V3_Production,dbo,PK_MassEmailAttachments
FSP_V3_Production,dbo,PdfPreviews,FSP_V3_Production,dbo,PK_PdfPreviews
FSP_V3_Production,inv,Packages,FSP_V3_Production,inv,UK_Packages_OperatorId_Name
FSP_V3_Production,dbo,PeopleGroupActivityTypes,FSP_V3_Production,dbo,PK_PeopleGroupActivityTypes
FSP_V3_Production,dbo,UserFilters,FSP_V3_Production,dbo,PK_UserFilters
FSP_V3_Production,dbo,ApiAccessKeys,FSP_V3_Production,dbo,PK_ApiAccessKeys
FSP_V3_Production,dbo,tblRemovedReservationPilots,FSP_V3_Production,dbo,FK_tblRemovedReservationPilots_tblRemovedReservation
FSP_V3_Production,dbo,tblCompanyEmailHeaderImages,FSP_V3_Production,dbo,PK_tblCompanyEmailHeaderImages
FSP_V3_Production,inv,Packages,FSP_V3_Production,inv,UK_Packages_PackageGuid
FSP_V3_Production,dbo,ScheduleMatchUserPreferencesToFlightInstructorJoiner,FSP_V3_Production,dbo,PK_ScheduleMatchUserPreferencesToFlightInstructorJoiner
FSP_V3_Production,dbo,PersonNotes,FSP_V3_Production,dbo,PK_PersonNotes
FSP_V3_Production,dbo,tblInvoiceImages,FSP_V3_Production,dbo,PK_tblInvoiceImages
FSP_V3_Production,dbo,tblRemovedReservationFlightDetails,FSP_V3_Production,dbo,FK_tblRemovedReservationFlightDetails_tblRemovedReservation
FSP_V3_Production,dbo,ReservationInvoices,FSP_V3_Production,dbo,PK_ReservationInvoices
FSP_V3_Production,mx,WorkItemStatus,FSP_V3_Production,mx,PK_WorkItemStatus
FSP_V3_Production,dbo,tblPlugInModule,FSP_V3_Production,dbo,PK_tblModule
FSP_V3_Production,mx,ConsumableFees,FSP_V3_Production,mx,PK_ConsumableFees
FSP_V3_Production,dbo,tblCompanyAddressJoiner,FSP_V3_Production,dbo,FK_tblCompanyAddressJoiner_tblAddress
FSP_V3_Production,dbo,tblUserRoleJoiner,FSP_V3_Production,dbo,PK_tblUserRoleJoiner
FSP_V3_Production,logi,BookmarkLogs,FSP_V3_Production,logi,PK_BookmarkLogs
FSP_V3_Production,dbo,ScheduleMatchUserPreferencesToSchedulingGroupsJoiner,FSP_V3_Production,dbo,PK_ScheduleMatchUserPreferencesToSchedulingGroupsJoiner
FSP_V3_Production,dbo,tblCompanyPlugInModuleJoiner,FSP_V3_Production,dbo,FK_tblCompanyModuleJoiner_tblModule
FSP_V3_Production,dbo,tblCompanyGalleryImages,FSP_V3_Production,dbo,FK_tblCompanyGalleryImages_tblCompanyGalleries
FSP_V3_Production,dbo,tblPilotCurrencyItems,FSP_V3_Production,dbo,PK_tblPilotCurrencyItems
FSP_V3_Production,dbo,tblRoleActions,FSP_V3_Production,dbo,PK_tblRoleActions
FSP_V3_Production,mx,WorkItemTypes,FSP_V3_Production,mx,PK_WorkItemTypes_1
FSP_V3_Production,inv,MerchantAccounts,FSP_V3_Production,inv,PK_MerchantAccount_1
FSP_V3_Production,dbo,tblPricingPromoText,FSP_V3_Production,dbo,PK_tblPricingPromoText
FSP_V3_Production,dbo,tblAircraftTypeCheckOuts,FSP_V3_Production,dbo,PK_tblAircraftTypeCheckOuts
FSP_V3_Production,dbo,ScheduleMatchUserPreferences,FSP_V3_Production,dbo,PK_ScheduleMatchUserPreferences
FSP_V3_Production,dbo,MaintenanceReminders,FSP_V3_Production,dbo,PK_MaintenanceReminders
FSP_V3_Production,dbo,tblAircraftRatingsCertsEndorsements,FSP_V3_Production,dbo,PK_tblAircraftRatingsCertsEndorsements
FSP_V3_Production,dbo,tblPersonToContactNumberJoiner,FSP_V3_Production,dbo,UK_tblPersonToContactNumberJoiner_PersonIdContactNumberType
FSP_V3_Production,mx,ConsumableFees,FSP_V3_Production,mx,FK_ConsumableFees_MaintenanceLocations
FSP_V3_Production,dbo,MaintenanceReminders,FSP_V3_Production,dbo,UK_MaintenanceReminders
FSP_V3_Production,dbo,tblAircraftEngineJoiner,FSP_V3_Production,dbo,PK_tblAircraftEngineJoiner
FSP_V3_Production,dbo,MechanicCertificate,FSP_V3_Production,dbo,PK_MechanicCertificate
FSP_V3_Production,dbo,SalesTransactionLineItems,FSP_V3_Production,dbo,FK_SalesTransactionLineItems_PackageInstanceGuid
FSP_V3_Production,inv,WorkOrderBillingStatusRecalc,FSP_V3_Production,inv,PK_WorkOrderBillingStatusRecalc
FSP_V3_Production,dbo,HubSpotSyncedUserTokens,FSP_V3_Production,dbo,PK_HubspotSyncedUserTokens
FSP_V3_Production,dbo,QuickFilters,FSP_V3_Production,dbo,PK_QuickFilters
FSP_V3_Production,mx,ConsumableFees,FSP_V3_Production,mx,FK_ConsumableFees_tblInvoicingLineItems
FSP_V3_Production,dbo,tblAddress,FSP_V3_Production,dbo,PK_tblAddress
FSP_V3_Production,inv,PackageInstanceItems,FSP_V3_Production,inv,FK_PackageInstanceItems_PackageInstanceId
FSP_V3_Production,mx,WorkOrders,FSP_V3_Production,mx,PK_WorkOrders_1
FSP_V3_Production,dbo,QuickFilters,FSP_V3_Production,dbo,UK_QuickFilters_CompanyId_UserId
FSP_V3_Production,dbo,tblFlightEquipment,FSP_V3_Production,dbo,PK_tblFlightEquipment
FSP_V3_Production,inv,PackageInstanceItems,FSP_V3_Production,inv,FK_PackageInstanceItems_PackageItemId
FSP_V3_Production,mx,WorkOrders,FSP_V3_Production,mx,UK_WorkOrders_Unique
FSP_V3_Production,inv,TerminalToLocationJoiner,FSP_V3_Production,inv,FK_TerminalToLocationJoiner_TerminalId
FSP_V3_Production,dbo,tblRoleActionJoiner,FSP_V3_Production,dbo,PK_tblRoleActionJoiner
FSP_V3_Production,dbo,tblScheduleableJobs,FSP_V3_Production,dbo,PK_tblScheduleableJobs
FSP_V3_Production,inv,PackageInstances,FSP_V3_Production,inv,FK_PackageInstances_PackageId
FSP_V3_Production,dbo,QBDTaxReferences,FSP_V3_Production,dbo,PK_QBDTaxReferences
FSP_V3_Production,dbo,tblPropeller,FSP_V3_Production,dbo,PK_tblPropeller
FSP_V3_Production,inv,TerminalToLocationJoiner,FSP_V3_Production,inv,FK_TerminalToLocationJoiner_LocationId
FSP_V3_Production,dbo,SalesTransactionPaymentsTowardInvoices,FSP_V3_Production,dbo,PK_SalesTransactionPaymentsTowardInvoices
FSP_V3_Production,mx,PartsToAlternatePartsJoiner,FSP_V3_Production,mx,UK_PartsToAlternatePartsJoiner_PrimaryPartId_AlternatePartId
FSP_V3_Production,dbo,MaintenanceReminderTemplates,FSP_V3_Production,dbo,PK_MaintenanceReminderTemplates
FSP_V3_Production,dbo,tblSquawk,FSP_V3_Production,dbo,PK_tblSquawk
FSP_V3_Production,dbo,tblScheduleableJobsExecutions,FSP_V3_Production,dbo,PK_tblScheduleableJobsExecutions
FSP_V3_Production,inv,PackageItems,FSP_V3_Production,inv,FK_PackageItems_Packages
FSP_V3_Production,dbo,IdempotencyTracker,FSP_V3_Production,dbo,PK_IdempotencyTracker
FSP_V3_Production,dbo,ReservationTypeRoleJoiner,FSP_V3_Production,dbo,PK_ReservationTypeRoleJoiner
FSP_V3_Production,mx,PartsToLabelsJoiner,FSP_V3_Production,mx,UK_PartsToLabelsJoiner_PartId_LabelId
FSP_V3_Production,dbo,MaintenanceReminderTemplates,FSP_V3_Production,dbo,UK_MaintenanceReminderTemplates
FSP_V3_Production,dbo,tblCompany,FSP_V3_Production,dbo,PK_tblCompany
FSP_V3_Production,inv,PackageItems,FSP_V3_Production,inv,FK_PackageItems_LineItemId
FSP_V3_Production,mx,WorkItemTypeOverrides,FSP_V3_Production,mx,PK_WorkItemTypeOverrides_1
FSP_V3_Production,dbo,QBDPaymentMethods,FSP_V3_Production,dbo,PK_QBDPaymentMethods
FSP_V3_Production,inv,ConsumableFees,FSP_V3_Production,inv,PK_ConsumableFees
FSP_V3_Production,mx,PartsToInventoryLocationsJoiner,FSP_V3_Production,mx,UK_PartsToInventoryLocationsJoiner_PartId_InventoryLocationId
FSP_V3_Production,dbo,tblInvoicingTaxes,FSP_V3_Production,dbo,PK_tblInvoicingTaxes
FSP_V3_Production,dbo,tblCustomScheduleViews,FSP_V3_Production,dbo,PK_tblCustomScheduleViews
FSP_V3_Production,dbo,tblFlightRecordInstructionTimes,FSP_V3_Production,dbo,PK_tblFlightRecordInstructionTimes
FSP_V3_Production,inv,Packages,FSP_V3_Production,inv,FK_Packages_LineItemId
FSP_V3_Production,mx,PartRequests,FSP_V3_Production,mx,CHK_PartRequests_WorkItemId
FSP_V3_Production,dbo,tblPilotTSAVerification,FSP_V3_Production,dbo,PK_tblPilotTSAVerification
FSP_V3_Production,dbo,QBDProducts,FSP_V3_Production,dbo,PK_QBDProducts
FSP_V3_Production,inv,MaintenanceLocationTimeTypeRates,FSP_V3_Production,inv,PK_Inv_MaintenanceLocationTimeTypeRates
FSP_V3_Production,dbo,ChargifySubscriptions,FSP_V3_Production,dbo,PK_ChargifySubscriptions
FSP_V3_Production,dbo,tblInvoicingLineItemTaxJoiner,FSP_V3_Production,dbo,PK_tblInvoicingLineItemTaxJoiner
FSP_V3_Production,AzureSync,SyncRuns,FSP_V3_Production,AzureSync,PK_SyncRuns
FSP_V3_Production,dbo,tblFlightInstructorScheduleAdjustments,FSP_V3_Production,dbo,PK_tblFlightInstructorScheduleAdjustments
FSP_V3_Production,dbo,InstructionTypes,FSP_V3_Production,dbo,PK_InstructionTypes
FSP_V3_Production,dbo,tblCompanyEmailJoiner,FSP_V3_Production,dbo,PK_tblCompanyEmailJoiner
FSP_V3_Production,inv,StudentFinancingAccounts,FSP_V3_Production,inv,PK_StudentFinancingAccounts
FSP_V3_Production,mx,WorkLogs,FSP_V3_Production,mx,PK_WorkLogs_1
FSP_V3_Production,dbo,CustomProfileDocumentation,FSP_V3_Production,dbo,PK_CustomProfileDocumentation
FSP_V3_Production,HangFire,Job,FSP_V3_Production,HangFire,PK_HangFire_Job
FSP_V3_Production,dbo,tblInvoicingLineItems,FSP_V3_Production,dbo,PK_tblInvoicingLineItems
FSP_V3_Production,dbo,tblUserPermissionJoiner,FSP_V3_Production,dbo,PK_tblUserPermissionJoiner
FSP_V3_Production,inv,StudentFinancingAccounts,FSP_V3_Production,inv,UK_StudentFinancingAccounts_OperatorId_Type
FSP_V3_Production,mx,WorkLogs,FSP_V3_Production,mx,UK_WorkLogs
FSP_V3_Production,dbo,QBDCustomers,FSP_V3_Production,dbo,PK_QBDCustomers
FSP_V3_Production,dbo,ChargifyMxHubSubscriptions,FSP_V3_Production,dbo,PK_ChargifyMxHubSubscriptions
FSP_V3_Production,dbo,TSASecurityAwarenessTrainingsHistory,FSP_V3_Production,dbo,PK_TSASecurityAwarenessTrainingHistory
FSP_V3_Production,dbo,ProfileDocumentation,FSP_V3_Production,dbo,PK_ProfileDocumentation
FSP_V3_Production,dbo,InvoiceLocationPreferences,FSP_V3_Production,dbo,PK_InvoiceLocationPreferences
FSP_V3_Production,HangFire,JobParameter,FSP_V3_Production,HangFire,PK_HangFire_JobParameter
FSP_V3_Production,dbo,tblLocationToPersonJoiner,FSP_V3_Production,dbo,PK_tblLocationToPersonJoiner
FSP_V3_Production,dbo,ChargifyMxHubSubscriptions,FSP_V3_Production,dbo,UK_ChargifyMxHubSubscriptions_OperatorId
FSP_V3_Production,inv,StudentFinancingAccounts,FSP_V3_Production,inv,UK_StudentFinancingAccounts_StudentFinancingAccountGuid
FSP_V3_Production,dbo,SsoConfigurations,FSP_V3_Production,dbo,PK_SsoConfigurations
FSP_V3_Production,dbo,AuditHistoryEvents,FSP_V3_Production,dbo,PK_AuditHistoryEvents
FSP_V3_Production,dbo,FlightAlerts,FSP_V3_Production,dbo,PK__tmp_ms_x__F4A565FE33170374
FSP_V3_Production,dbo,tblTimeZones,FSP_V3_Production,dbo,PK_tblTimeZones
FSP_V3_Production,inv,StudentFinancingAccounts,FSP_V3_Production,inv,CHK_StudentFinancingAccounts_Status
FSP_V3_Production,mx,MaintenanceLocations,FSP_V3_Production,mx,PK_MaintenanceLocations_1
FSP_V3_Production,dbo,QBDSalesTaxes,FSP_V3_Production,dbo,PK_QBDSalesTaxes
FSP_V3_Production,dbo,ReservationTypeCustomProfileDocumentationChecks,FSP_V3_Production,dbo,PK_ReservationTypeCustomProfileDocumentationChecks
FSP_V3_Production,inv,ConsumableFees,FSP_V3_Production,inv,FK_ConsumableFees_tblInvoicingLineItems
FSP_V3_Production,dbo,MaintenanceReminderCalculationJobs_old,FSP_V3_Production,dbo,PK_MaintenanceReminderCalculationJobs
FSP_V3_Production,HangFire,State,FSP_V3_Production,HangFire,PK_HangFire_State
FSP_V3_Production,dbo,tblReservationTypes,FSP_V3_Production,dbo,PK_tblReservationTypes
FSP_V3_Production,dbo,ReservationBatches,FSP_V3_Production,dbo,PK_ReservationBatches
FSP_V3_Production,dbo,tblEngine,FSP_V3_Production,dbo,PK_tblEngine
FSP_V3_Production,inv,MaintenanceLocationTimeTypeRates,FSP_V3_Production,inv,FK_MaintenanceLocationTimeTypeRates_tblInvoicingLineItems
FSP_V3_Production,dbo,tblPilotRatings,FSP_V3_Production,dbo,PK_tblPilotRatings
FSP_V3_Production,dbo,SalesTransactionLineItems,FSP_V3_Production,dbo,CHK_SalesTransactionLineItems_PackageInstanceGuid_PackageItemGuid
FSP_V3_Production,dbo,ReservationBatches,FSP_V3_Production,dbo,UK_ReservationBatches_ReservationBatchGuid
FSP_V3_Production,dbo,ReservationTypePilotCurrencyReminderChecks,FSP_V3_Production,dbo,PK_ReservationTypePilotCurrencyReminderChecks
FSP_V3_Production,HangFire,JobQueue,FSP_V3_Production,HangFire,PK_HangFire_JobQueue
FSP_V3_Production,inv,TerminalTransactions,FSP_V3_Production,inv,PK_TerminalTransactions_TerminalTransactionId
FSP_V3_Production,dbo,tblCodePageIds,FSP_V3_Production,dbo,PK_tblCodePageIds
FSP_V3_Production,dbo,tblLocationToCompanyJoiner,FSP_V3_Production,dbo,FK_tblLocationToCompanyJoiner_tblLocations
FSP_V3_Production,mx,WorkOrderStatus,FSP_V3_Production,mx,PK_WorkOrderStatus_1
FSP_V3_Production,inv,PaymentMethods,FSP_V3_Production,inv,PK_PaymentMethods
FSP_V3_Production,inv,TerminalTransactions,FSP_V3_Production,inv,UK_TerminalTransactions_OperatorId_ExternalId
FSP_V3_Production,dbo,tblNumberOfAircraftSegmentation,FSP_V3_Production,dbo,PK_tblNumberOfAircraftSegmentation
FSP_V3_Production,dbo,tblLocationToPersonJoiner,FSP_V3_Production,dbo,FK_tblLocationToPersonJoiner_tblLocations
FSP_V3_Production,dbo,tblEnginePropellerJoiner,FSP_V3_Production,dbo,FK_tblEnginePropellerJoiner_tblEngine
FSP_V3_Production,dbo,ReservationTypeProfileDocumentationChecks,FSP_V3_Production,dbo,PK_ReservationTypeProfileDocumentationChecks
FSP_V3_Production,HangFire,List,FSP_V3_Production,HangFire,PK_HangFire_List
FSP_V3_Production,dbo,OperatorAgreementHistory,FSP_V3_Production,dbo,PK_OperatorAgreementHistory
FSP_V3_Production,inv,TerminalTransactions,FSP_V3_Production,inv,UK_TerminalTransactions_TerminalTransactionGuid
FSP_V3_Production,dbo,tblPersonToContactNumberJoiner,FSP_V3_Production,dbo,FK_tblPersonToContactNumberJoiner_tblContactNumbers
FSP_V3_Production,dbo,Analytics,FSP_V3_Production,dbo,PK_Analytics
FSP_V3_Production,dbo,ChargifyBillingSubscriptions,FSP_V3_Production,dbo,PK_ChargifyBillingSubscriptions
FSP_V3_Production,dbo,CustomProfileDocumentation,FSP_V3_Production,dbo,UK_CustomProfileDocumentation_CustomProfileDocumentationId
FSP_V3_Production,dbo,PromoBannersClosed,FSP_V3_Production,dbo,PK_PromoBannersClosed
FSP_V3_Production,dbo,tblAccountingApplications,FSP_V3_Production,dbo,PK_tblAccountingApplications
FSP_V3_Production,dbo,ChargifySubscriptionSeeds,FSP_V3_Production,dbo,PK_ChargifySuiteSubscriptions
FSP_V3_Production,mx,WorkOrderStatusOverrides,FSP_V3_Production,mx,PK_WorkOrderStatusOverrides_1
FSP_V3_Production,dbo,ReservationBatchReservations,FSP_V3_Production,dbo,PK_ReservationBatchReservations
FSP_V3_Production,dbo,ChargifyBillingSubscriptions,FSP_V3_Production,dbo,UK_ChargifyBillingSubscriptions
FSP_V3_Production,dbo,ProfileDocumentation,FSP_V3_Production,dbo,UK_ProfileDocumentation_ProfileDocumentationId
FSP_V3_Production,dbo,tblBillingStats,FSP_V3_Production,dbo,PK_tblBillingStats
FSP_V3_Production,HangFire,Schema,FSP_V3_Production,HangFire,PK_HangFire_Schema
FSP_V3_Production,dbo,tblCharSets,FSP_V3_Production,dbo,PK_tblCharSets
FSP_V3_Production,dbo,SalesTransactionLineItems,FSP_V3_Production,dbo,FK_SalesTransactionLineItems_PackageItemGuid
FSP_V3_Production,dbo,ReservationBatchReservations,FSP_V3_Production,dbo,UK_ReservationBatchReservations_OperatorId_ReservationBatchId_BatchEventId
FSP_V3_Production,dbo,TaxReferences,FSP_V3_Production,dbo,PK_TaxReferences
FSP_V3_Production,dbo,ProfileDocumentation,FSP_V3_Production,dbo,UK_ProfileDocumentation_CompanyIdProfileDocumentationTypeId
FSP_V3_Production,dbo,PromoBanners,FSP_V3_Production,dbo,PK_PromoBanners
FSP_V3_Production,inv,MerchantAccountMigrations,FSP_V3_Production,inv,PK_MerchantAccountMigrations
FSP_V3_Production,dbo,tblPilot,FSP_V3_Production,dbo,PK_tblPilot
FSP_V3_Production,dbo,ReservationTypeCustomProfileDocumentationChecks,FSP_V3_Production,dbo,UK_ReservationTypeCustomProfileDocumentationChecks_ReservationTypeIdCompanyIdActivityRoleCustomProfileDocumentation
FSP_V3_Production,internal,FlightDetailEvents_Temporary,FSP_V3_Production,internal,PK__FlightDe__94D7B0A45FE9D8AE
FSP_V3_Production,HangFire,Server,FSP_V3_Production,HangFire,PK_HangFire_Server
FSP_V3_Production,dbo,FlightAlerts,FSP_V3_Production,dbo,FK_FlightAlerts_tblReservation
FSP_V3_Production,dbo,tblNumberOfInstructorsSegmentation,FSP_V3_Production,dbo,PK_tblNumberOfInstructorsSegmentation
FSP_V3_Production,dbo,tblNumberOfMechanicsSegmentation,FSP_V3_Production,dbo,PK_tblNumberOfMechanicsSegmentation
FSP_V3_Production,inv,PackageInstances,FSP_V3_Production,inv,CHK_PackageInstances_IsActive_IsUserRemoved
FSP_V3_Production,mx,LogbookTypeOverrides,FSP_V3_Production,mx,PK_LogbookTypeOverrides
FSP_V3_Production,dbo,ReservationBatchReservations,FSP_V3_Production,dbo,FK_ReservationBatches_ReservationBatchReservations
FSP_V3_Production,dbo,ReservationTypePilotCurrencyReminderChecks,FSP_V3_Production,dbo,UK_ReservationTypePilotCurrencyReminderChecks_ReservationTypeIdCompanyIdActivityRolePilotCurrencyId
FSP_V3_Production,inv,TerminalTransactions,FSP_V3_Production,inv,FK_TerminalTransactions_SalesTransactionId
FSP_V3_Production,dbo,tblMaintenanceReminders,FSP_V3_Production,dbo,PK_tblMaintenanceReminders
FSP_V3_Production,dbo,ReservationTypeInstructionTypes,FSP_V3_Production,dbo,PK_ReservationTypeInstructionTypes
FSP_V3_Production,dbo,ReservationTypeProfileDocumentationChecks,FSP_V3_Production,dbo,UK_ReservationTypeProfileDocumentationChecks_ReservationTypeIdCompanyIdActivityRoleDocumentationTypeId
FSP_V3_Production,AzureSync,PreviousCoreChangeTrackingVersion,FSP_V3_Production,AzureSync,PK_PreviousCoreChangeTrackingVersion
FSP_V3_Production,internal,ReservationEvents_Temporary,FSP_V3_Production,internal,PK__Reservat__94D7B0A46696D63D
FSP_V3_Production,dbo,tblWindowsTimeZoneIndices,FSP_V3_Production,dbo,PK_tblWindowsTimeZoneIndices
FSP_V3_Production,HangFire,Set,FSP_V3_Production,HangFire,PK_HangFire_Set
FSP_V3_Production,inv,TerminalTransactions,FSP_V3_Production,inv,FK_TerminalTransactions_TerminalId
FSP_V3_Production,dbo,tblEmailTypes,FSP_V3_Production,dbo,PK_tblEmailTypes
FSP_V3_Production,dbo,ReservationTypeRoleJoiner,FSP_V3_Production,dbo,UK_ReservationTypeRoleJoiner_ReservationTypeIdRoleId
FSP_V3_Production,dbo,tblPerson,FSP_V3_Production,dbo,PK_tblPerson
FSP_V3_Production,dbo,tblInvoicingPreferences,FSP_V3_Production,dbo,PK_tblInvoicingPreferences
FSP_V3_Production,dbo,tblEnginePropellerJoiner,FSP_V3_Production,dbo,PK_tblEnginePropellerJoiner
FSP_V3_Production,mx,LogbookTypes,FSP_V3_Production,mx,PK_LogbookTypes
FSP_V3_Production,logi,AppSchedule,FSP_V3_Production,logi,PK_Logi_AppSchedule
FSP_V3_Production,inv,PaymentTokens,FSP_V3_Production,inv,PK_PaymentTokens_1
FSP_V3_Production,dbo,EventStoreEvents,FSP_V3_Production,dbo,PK_EventStoreEvents
FSP_V3_Production,HangFire,AggregatedCounter,FSP_V3_Production,HangFire,PK_HangFire_CounterAggregated
FSP_V3_Production,inv,Terminals,FSP_V3_Production,inv,FK_Terminals_MerchantAccounts
FSP_V3_Production,dbo,tblPersonPictures,FSP_V3_Production,dbo,PK_tblPersonPictures
FSP_V3_Production,dbo,MembershipSubscriptions,FSP_V3_Production,dbo,PK_MembershipSubscriptions
FSP_V3_Production,inv,PaymentTokens,FSP_V3_Production,inv,UK_PaymentTokens_2
FSP_V3_Production,dbo,SalesTransactionTrainingSessions,FSP_V3_Production,dbo,PK_SalesTransactionTrainingSessions
FSP_V3_Production,dbo,tblAircraftTach,FSP_V3_Production,dbo,PK_tblAircraftTach
FSP_V3_Production,internal,CompanyDeletionRecords,FSP_V3_Production,internal,PK_CompanyDeletionRecords
FSP_V3_Production,dbo,Azure_Upsert_Tables,FSP_V3_Production,dbo,PK_Azure_Upsert_Tables
FSP_V3_Production,inv,PaymentTokens,FSP_V3_Production,inv,UK_PaymentTokens_1
FSP_V3_Production,HangFire,Counter,FSP_V3_Production,HangFire,PK_HangFire_Counter
FSP_V3_Production,dbo,tblFlightInstructorSchedule,FSP_V3_Production,dbo,PK_tblFlightInstructorSchedule
FSP_V3_Production,mx,WorkItemStatusOverrides,FSP_V3_Production,mx,PK_WorkItemStatusOverrides
FSP_V3_Production,dbo,UserAgreements,FSP_V3_Production,dbo,PK_UserAgreements
FSP_V3_Production,dbo,tblLocationToCompanyJoiner,FSP_V3_Production,dbo,PK_tblLocationToCompanyJoiner
FSP_V3_Production,dbo,MembershipSettings,FSP_V3_Production,dbo,PK_MembershipSettings
FSP_V3_Production,dbo,SalesTransactionPayments,FSP_V3_Production,dbo,FK_SalesTransactionPayments_MerchantAccounts
FSP_V3_Production,HangFire,Hash,FSP_V3_Production,HangFire,PK_HangFire_Hash
FSP_V3_Production,mx,PartRequests,FSP_V3_Production,mx,PK_PartRequests
FSP_V3_Production,inv,StudentFinancingAccounts,FSP_V3_Production,inv,CHK_StudentFinancingAccounts_Type
FSP_V3_Production,dbo,tblInvoicingInvoice,FSP_V3_Production,dbo,PK_tblInvoicingInvoice
FSP_V3_Production,dbo,tblLogBookEntries,FSP_V3_Production,dbo,PK_tblFlightRecords
FSP_V3_Production,dbo,AviationBookletTC,FSP_V3_Production,dbo,UK_AviationBookletTC_AviationBookletId
FSP_V3_Production,mx,WorkOrders,FSP_V3_Production,mx,FK_WorkOrders_MaintenanceLocations
FSP_V3_Production,dbo,ChargifySubscriptions,FSP_V3_Production,dbo,UK_ChargifySubscriptions_OperatorId
FSP_V3_Production,dbo,tblRemovedReservationPilots,FSP_V3_Production,dbo,PK_tblRemovedReservationPilots
FSP_V3_Production,mx,LogbookFormats,FSP_V3_Production,mx,PK_mx.LogbookFormats
FSP_V3_Production,inv,StudentFinancingLoans,FSP_V3_Production,inv,CHK_StudentFinancingLoans_AccountType
FSP_V3_Production,dbo,Endorsements,FSP_V3_Production,dbo,UK_Endorsements_EndorsementId
FSP_V3_Production,mx,WorkOrders,FSP_V3_Production,mx,FK_WorkOrders_WorkOrderStatus
FSP_V3_Production,internal,OperatorEvents_Temporary,FSP_V3_Production,internal,PK__Operator__94D7B0A41EA6F08D
FSP_V3_Production,dbo,tblCompanyOptOutEmails,FSP_V3_Production,dbo,PK_tblCompanyOptOutEmails
FSP_V3_Production,HangFire,JobParameter,FSP_V3_Production,HangFire,FK_HangFire_JobParameter_Job
FSP_V3_Production,dbo,tblFlightInstructorScheduleAdjustmentsInfo,FSP_V3_Production,dbo,PK_tblFlightInstructorScheduleAdjustmentsInfo
FSP_V3_Production,inv,StudentFinancingLoans,FSP_V3_Production,inv,CHK_StudentFinancingLoans_Status
FSP_V3_Production,dbo,FlightInstructorCertificate,FSP_V3_Production,dbo,UK_FlightInstructorCertificate
FSP_V3_Production,mx,WorkItemAssignees,FSP_V3_Production,mx,FK_WorkItemAssignees_WorkItems
FSP_V3_Production,dbo,tblUserDataStore,FSP_V3_Production,dbo,PK_tblUserDataStore
FSP_V3_Production,dbo,tblUserAggregation,FSP_V3_Production,dbo,PK_tblUserAggregation
FSP_V3_Production,HangFire,State,FSP_V3_Production,HangFire,FK_HangFire_State_Job
FSP_V3_Production,dbo,tblInvoicingInvoiceLineItem,FSP_V3_Production,dbo,PK_tblInvoicingInvoiceLineItem
FSP_V3_Production,dbo,tblAircraftDescriptions,FSP_V3_Production,dbo,PK_tblAircraftDescriptions
FSP_V3_Production,dbo,Snippets,FSP_V3_Production,dbo,PK_Snippets
FSP_V3_Production,dbo,TSASecurityAwarenessTrainings,FSP_V3_Production,dbo,UK_TSASecurityAwarenessTraining_TSASecurityAwarenessTrainingId
FSP_V3_Production,dbo,UserSettings,FSP_V3_Production,dbo,PK_UserSettings
FSP_V3_Production,dbo,tblUserDataStore,FSP_V3_Production,dbo,IX_tblUserDataStore
FSP_V3_Production,dbo,tblEmailNotifications,FSP_V3_Production,dbo,PK_tblEmailNotifications
FSP_V3_Production,dbo,tblPersonEmailJoiner,FSP_V3_Production,dbo,PK_tblPersonEmailJoiner
FSP_V3_Production,mx,LogbookFormats,FSP_V3_Production,mx,FK_mx.LogbookFormats_mx.LogbookTypes
FSP_V3_Production,inv,StudentFinancingLoans,FSP_V3_Production,inv,PK_StudentFinancingLoans
FSP_V3_Production,mx,WorkItems,FSP_V3_Production,mx,FK_WorkItems_WorkItemTypes
FSP_V3_Production,internal,ItemsToEnqueueEventsFor,FSP_V3_Production,internal,PK_ItemsToEqueueEventsFor
FSP_V3_Production,dbo,tblPilot_PilotCurrencyRemindersJoiner,FSP_V3_Production,dbo,PK_tblPilot_PilotCurrencyRemindersJoiner
FSP_V3_Production,dbo,SalesTransactionTrainingSessionsDeleted,FSP_V3_Production,dbo,PK_SalesTransactionTrainingSessionsDeleted
FSP_V3_Production,dbo,tblPilotPilotTypesJoiner,FSP_V3_Production,dbo,PK_tblPilotPilotTypesJoiner
FSP_V3_Production,inv,StudentFinancingLoans,FSP_V3_Production,inv,UK_StudentFinancingLoans_ExternalId_AccountType
FSP_V3_Production,dbo,tblUserOptInEmails,FSP_V3_Production,dbo,PK_tblUserOptInEmails
FSP_V3_Production,dbo,SalesTransactionTrainingSessions,FSP_V3_Production,dbo,FK_SalesTransactionTrainingSessions_SalesTransactions
FSP_V3_Production,dbo,tblViewStateStorage,FSP_V3_Production,dbo,PK_tblViewStateStorage
FSP_V3_Production,inv,StudentFinancingLoans,FSP_V3_Production,inv,UK_StudentFinancingLoans_StudentFinancingLoanGuid
FSP_V3_Production,mx,WorkItemTypeOverrides,FSP_V3_Production,mx,FK_WorkItemTypeOverrides_WorkItemTypes
FSP_V3_Production,mx,PartRequests,FSP_V3_Production,mx,FK_PartRequests_WorkOrders
FSP_V3_Production,dbo,tblAircraftMakes,FSP_V3_Production,dbo,PK_tblAircraftMakes
FSP_V3_Production,dbo,ReservationTypeToPreflightAuthorizingUsersJoiner,FSP_V3_Production,dbo,PK_ReservationTypeToPreflightAuthorizingUsersJoiner
FSP_V3_Production,inv,StudentFinancingLoans,FSP_V3_Production,inv,FK_StudentFinancingLoans_StudentFinancingAccountId
FSP_V3_Production,mx,WorkLogs,FSP_V3_Production,mx,FK_WorkLogs_WorkItems
FSP_V3_Production,dbo,PilotLicensePermitTC,FSP_V3_Production,dbo,PK_PilotLicensePermitTC
FSP_V3_Production,mx,PartRequests,FSP_V3_Production,mx,FK_PartRequests_WorkItems
FSP_V3_Production,dbo,ReservationTypeToPreflightAuthorizingUsersJoiner,FSP_V3_Production,dbo,FK_ReservationTypeToPreflightAuthorizingUsersJoiner_tblReservationTypes
FSP_V3_Production,mx,WorkOrderStatusOverrides,FSP_V3_Production,mx,FK_WorkOrderStatusOverrides_WorkOrderStatus
FSP_V3_Production,dbo,MembershipSubscriptionsHistory,FSP_V3_Production,dbo,PK_MembershipSubscriptionsHistory
FSP_V3_Production,mx,PartRequests,FSP_V3_Production,mx,FK_PartRequests_Parts
FSP_V3_Production,dbo,tblInvoicingPayments,FSP_V3_Production,dbo,PK_tblInvoicingPayments
FSP_V3_Production,dbo,tblCompanyGalleries,FSP_V3_Production,dbo,PK_tblCompanyGalleries
FSP_V3_Production,dbo,WebHooksReceived,FSP_V3_Production,dbo,PK_WebHooksReceived
FSP_V3_Production,dbo,tblAircraftImages,FSP_V3_Production,dbo,PK_tblAircraftImages
FSP_V3_Production,dbo,InvoicingAccount,FSP_V3_Production,dbo,PK_InvoicingAccount
FSP_V3_Production,internal,CustomerDataTables,FSP_V3_Production,internal,PK_CustomerDataTables
FSP_V3_Production,inv,PaymentTokens,FSP_V3_Production,inv,CHK_PaymentTokens_TypeId_BankAccountStatus
FSP_V3_Production,dbo,FlightInstructorCertificate,FSP_V3_Production,dbo,PK_FlightInstructorCertificate
FSP_V3_Production,dbo,tblPilotTSADocuments,FSP_V3_Production,dbo,PK_tblPilotTSADocuments
FSP_V3_Production,inv,StudentFinancingLoans,FSP_V3_Production,inv,FK_StudentFinancingLoans_PaymentTokenId
FSP_V3_Production,dbo,MaintenanceReminderResolutions,FSP_V3_Production,dbo,PK_MaintenanceReminderResolutions
FSP_V3_Production,dbo,AppsLastRun,FSP_V3_Production,dbo,PK_AppsLastRun
FSP_V3_Production,dbo,tblPermissionType,FSP_V3_Production,dbo,PK_tblPermissionType
FSP_V3_Production,dbo,SalesTransactionPayments,FSP_V3_Production,dbo,FK_SalesTransactionPayments_StudentFinancingLoanId
FSP_V3_Production,dbo,DocumentUploads,FSP_V3_Production,dbo,PK_DocumentUploads
FSP_V3_Production,dbo,MaintenanceReminderResolutions,FSP_V3_Production,dbo,UK_MaintenanceReminderResolutions_ResolutionId
FSP_V3_Production,mx,StockRecordAlertCalculationJobs,FSP_V3_Production,mx,PK_StockRecordAlertCalculationJobs
FSP_V3_Production,dbo,tblLocations,FSP_V3_Production,dbo,PK_tblLocations
FSP_V3_Production,dbo,APIKeys,FSP_V3_Production,dbo,PK_APIKeys
FSP_V3_Production,dbo,tblPilotPilotRatingsJoiner,FSP_V3_Production,dbo,PK_tblPilotPilotRatingsJoiner
FSP_V3_Production,dbo,AircraftOwners,FSP_V3_Production,dbo,PK_AircraftOwners
FSP_V3_Production,dbo,ChargifySettings,FSP_V3_Production,dbo,PK_ChargifySettings
FSP_V3_Production,dbo,tblFlightSimulatorTypes,FSP_V3_Production,dbo,PK_tblFlightSimulatorTypes
FSP_V3_Production,dbo,OperatorSyllabusProviders,FSP_V3_Production,dbo,PK_OperatorSyllabusProviders
FSP_V3_Production,dbo,AircraftOwners,FSP_V3_Production,dbo,UK_AircraftOwners
FSP_V3_Production,dbo,WebhookConfigurations,FSP_V3_Production,dbo,PK_WebhookConfigurations
FSP_V3_Production,dbo,MeetingRooms,FSP_V3_Production,dbo,PK_MeetingRooms
FSP_V3_Production,dbo,tblAddressPartsType,FSP_V3_Production,dbo,PK_tblAddressPartsType
FSP_V3_Production,dbo,MassEmailPeopleGroupIds,FSP_V3_Production,dbo,PK_MassEmailPeopleGroupIds
FSP_V3_Production,dbo,SchemaVersions,FSP_V3_Production,dbo,PK_SchemaVersions_Id
FSP_V3_Production,dbo,tblInvoicingTransactions,FSP_V3_Production,dbo,PK_tblInvoicingTransactions_1
FSP_V3_Production,dbo,tblPostItems,FSP_V3_Production,dbo,PK_tblPostItems
FSP_V3_Production,dbo,InvoicingAccountPayments,FSP_V3_Production,dbo,PK_InvoicingAccountPayments
FSP_V3_Production,dbo,ProPayHppIds,FSP_V3_Production,dbo,PK_ProPayHppIds
FSP_V3_Production,dbo,PhotoIds,FSP_V3_Production,dbo,PK_PhotoIds
FSP_V3_Production,dbo,tblNumberOfEmployeeSegmentation,FSP_V3_Production,dbo,PK_tblNumberOfEmployeeSegmentation
FSP_V3_Production,dbo,InvoicingAccountPayments,FSP_V3_Production,dbo,UK_InvoicingAccountPayments
FSP_V3_Production,dbo,SessionsAudits,FSP_V3_Production,dbo,PK_SessionsAudits
FSP_V3_Production,dbo,tblPilotTypes,FSP_V3_Production,dbo,PK_tblPilotTypes
FSP_V3_Production,dbo,tblCancellationRequests,FSP_V3_Production,dbo,PK_tblCancellationRequests
FSP_V3_Production,dbo,DocumentUploadBackups,FSP_V3_Production,dbo,PK_DocumentUploadBackups
FSP_V3_Production,AzureSync,AzureSyncTablesForCore,FSP_V3_Production,AzureSync,PK_AzureSyncTablesForCore
FSP_V3_Production,inv,StudentFinancingLoanOptions,FSP_V3_Production,inv,PK_StudentFinancingLoanOptions
FSP_V3_Production,dbo,OperatorServices,FSP_V3_Production,dbo,PK_OperatorServices
FSP_V3_Production,dbo,tblNewsletterCounts,FSP_V3_Production,dbo,PK_tblNewsletterCounts
FSP_V3_Production,dbo,TSASecurityAwarenessTrainings,FSP_V3_Production,dbo,PK_TSASecurityAwarenessTraining
FSP_V3_Production,inv,StudentFinancingLoanOptions,FSP_V3_Production,inv,UK_StudentFinancingLoanOptions_ExternalId_AccountType
FSP_V3_Production,dbo,tblEmailAddresses,FSP_V3_Production,dbo,PK_tblEmailAddresses
FSP_V3_Production,dbo,WebhookExecutions,FSP_V3_Production,dbo,PK_WebhookExecutions
FSP_V3_Production,dbo,tblProducts,FSP_V3_Production,dbo,PK_tblProducts
FSP_V3_Production,dbo,HubSpotContactOperators,FSP_V3_Production,dbo,PK_HubSpotContactOperators
FSP_V3_Production,inv,StudentFinancingLoanOptions,FSP_V3_Production,inv,UK_StudentFinancingLoanOptions_StudentFinancingLoanOptionGuid
FSP_V3_Production,dbo,tblFlightInstructorLocationJoiner,FSP_V3_Production,dbo,PK_tblFlightInstructorLocationJoiner
FSP_V3_Production,dbo,LendingSubmissions,FSP_V3_Production,dbo,PK_LendingSubmissions
FSP_V3_Production,dbo,AircraftImages,FSP_V3_Production,dbo,PK_AircraftImages
FSP_V3_Production,dbo,tblServiceOrders,FSP_V3_Production,dbo,PK_tblServiceOrders
FSP_V3_Production,dbo,AviationBookletTC,FSP_V3_Production,dbo,PK_AviationBookletTC
FSP_V3_Production,dbo,ConsolidatedReservations,FSP_V3_Production,dbo,PK_ConsolidatedReservations
FSP_V3_Production,inv,StudentFinancingLoanOptions,FSP_V3_Production,inv,CHK_StudentFinancingLoanOptions_AccountType
FSP_V3_Production,dbo,tblFlightSimulator,FSP_V3_Production,dbo,PK_tblFlightSimulator
FSP_V3_Production,dbo,DiscountGroupUserJoiner,FSP_V3_Production,dbo,PK_DiscountGroupUserJoiner
FSP_V3_Production,dbo,WebhookConfigurations,FSP_V3_Production,dbo,CHK_WebhookConfigurations_Action
FSP_V3_Production,dbo,LendingSubmissions,FSP_V3_Production,dbo,UK_LendingSubmissions_Guid
FSP_V3_Production,dbo,Attachments,FSP_V3_Production,dbo,PK_Attachments
FSP_V3_Production,dbo,tblSystemAlert,FSP_V3_Production,dbo,PK_tblSystemAlert
FSP_V3_Production,dbo,HubSpotContacts,FSP_V3_Production,dbo,PK_HubSpotContacts
FSP_V3_Production,dbo,tblPaymentInformation,FSP_V3_Production,dbo,PK_tblPaymentInformation
FSP_V3_Production,dbo,ProPayAccounts,FSP_V3_Production,dbo,PK_ProPayAccounts
FSP_V3_Production,dbo,tblCustomResourceTypeRoleJoiner,FSP_V3_Production,dbo,PK_tblCustomResourceRoleJoiner
FSP_V3_Production,dbo,MeterRecordSegments,FSP_V3_Production,dbo,PK__MeterRec__94D7B0A4B23CE40E
FSP_V3_Production,dbo,WebhookExecutions,FSP_V3_Production,dbo,CHK_WebhookExecutions_Status
FSP_V3_Production,dbo,OperatorSchoolTypes,FSP_V3_Production,dbo,PK_[OperatorSchoolTypes
FSP_V3_Production,dbo,DiscountGroupRoleJoiner,FSP_V3_Production,dbo,PK_DiscountGroupRoleJoiner
FSP_V3_Production,dbo,WebhookExecutions,FSP_V3_Production,dbo,CHK_WebhookExecutions_Action
FSP_V3_Production,dbo,LendingSubmissions,FSP_V3_Production,dbo,CK_LendingSubmissions_SubmissionData_JSON
FSP_V3_Production,dbo,LastFlightDatesLog,FSP_V3_Production,dbo,PK_LastFlightDateLog
FSP_V3_Production,dbo,tblAddressFormat,FSP_V3_Production,dbo,PK_tblAddressFormat
FSP_V3_Production,dbo,WebhookExecutions,FSP_V3_Production,dbo,FK_WebhookExecutions_WebhookConfigurations
FSP_V3_Production,dbo,HubSpotLogs,FSP_V3_Production,dbo,PK_HubSpotLogs
FSP_V3_Production,inv,MerchantAccountToLocationJoiner,FSP_V3_Production,inv,PK_MerchantAccountToLocationJoiner
FSP_V3_Production,dbo,tblPersonAddressJoiner,FSP_V3_Production,dbo,PK_tblPersonAddressJoiner
FSP_V3_Production,dbo,DiscountGroup,FSP_V3_Production,dbo,PK_DiscountGroups
FSP_V3_Production,dbo,tblFlightRecord,FSP_V3_Production,dbo,PK_tblFlightRecord
FSP_V3_Production,dbo,ProPayApiRequestLogs,FSP_V3_Production,dbo,PK_ProPayApiRequestLogs
FSP_V3_Production,inv,MerchantAccountToLocationJoiner,FSP_V3_Production,inv,UK_MerchantAccountToLocationJoiner_LocationId
FSP_V3_Production,dbo,tblUICultures,FSP_V3_Production,dbo,PK_tblUICultures
FSP_V3_Production,inv,StudentFinancingLoans,FSP_V3_Production,inv,CHK_StudentFinancingLoans_Status_ApprovedAtUtc
FSP_V3_Production,dbo,tblFlightRecordResources,FSP_V3_Production,dbo,PK_tblFlightRecordResources
FSP_V3_Production,dbo,ScheduleMatchUserPreferencesToAircraftJoiner,FSP_V3_Production,dbo,UK_ScheduleMatchUserPreferencesToAircraftJoiner_PreferenceIdAircraftIdOperatorId
FSP_V3_Production,dbo,MaintenanceReservationEvents,FSP_V3_Production,dbo,PK__Maintena__94D7B0A472FE3F62
FSP_V3_Production,dbo,LastFlightDatesHistory,FSP_V3_Production,dbo,PK_LastFlightDatesHistory
FSP_V3_Production,dbo,CustomCancellationReasons,FSP_V3_Production,dbo,PK_CustomCancellationReasons
FSP_V3_Production,dbo,tblRolePermissionJoiner,FSP_V3_Production,dbo,PK_tblRolePermissionJoiner
FSP_V3_Production,dbo,tblMeterRecords,FSP_V3_Production,dbo,PK_tblMeterRecords
FSP_V3_Production,dbo,tblReservationFlightLegs,FSP_V3_Production,dbo,PK_tblReservationFlightLegs
FSP_V3_Production,dbo,ScheduleMatchUserPreferencesToFlightInstructorJoiner,FSP_V3_Production,dbo,UK_ScheduleMatchUserPreferencesToFlightInstructorJoiner_PreferenceIdInstructorIdOperatorId
FSP_V3_Production,dbo,tblReservationResources,FSP_V3_Production,dbo,PK_tblReservationResources
FSP_V3_Production,dbo,ProPayPaymentMethods,FSP_V3_Production,dbo,PK_ProPayPaymentMethods
FSP_V3_Production,inv,MerchantAccountToMaintenanceLocationJoiner,FSP_V3_Production,inv,PK_MerchantAccountToMaintenanceLocationJoiner
FSP_V3_Production,dbo,tblPilotCurrencyTypes,FSP_V3_Production,dbo,PK_tblPilotCurrencyTypes
FSP_V3_Production,dbo,tblStandardFlightRecord,FSP_V3_Production,dbo,PK_tblStandardFlightRecord
FSP_V3_Production,mx,LogbookEntries,FSP_V3_Production,mx,PK_LogbookEntries
FSP_V3_Production,dbo,ScheduleMatchUserPreferencesToSchedulingGroupsJoiner,FSP_V3_Production,dbo,UK_ScheduleMatchUserPreferencesToSchedulingGroupsJoiner_PreferenceIdSchedulingGroupIdOperatorId
FSP_V3_Production,dbo,tblReservationPilots,FSP_V3_Production,dbo,PK_tblReservationPilots
FSP_V3_Production,dbo,LastFlightDatesByMakeModel,FSP_V3_Production,dbo,PK_LastFlightDateByMakeModel
FSP_V3_Production,dbo,dtproperties,FSP_V3_Production,dbo,pk_dtproperties
FSP_V3_Production,inv,MerchantAccountToMaintenanceLocationJoiner,FSP_V3_Production,inv,UK_MerchantAccountToMaintenanceLocationJoiner_MaintenanceLocationGuid
FSP_V3_Production,dbo,tblGatewayPagesText,FSP_V3_Production,dbo,PK_tblGatewayPagesText
FSP_V3_Production,dbo,tblReservationNotifications,FSP_V3_Production,dbo,PK_tblReservationNotifications
FSP_V3_Production,dbo,tblFlightRecordResources,FSP_V3_Production,dbo,FK_tblFlightRecord_tblFlightRecordResources
FSP_V3_Production,mx,LogbookEntries,FSP_V3_Production,mx,IX_LogbookEntries_OperatorId_Number
FSP_V3_Production,dbo,LogTenUserOperatorJoiner,FSP_V3_Production,dbo,FK_LogTenUserOperatorJoiner_GlobalUserSettings
FSP_V3_Production,dbo,tblReservationFlightDetails,FSP_V3_Production,dbo,PK_tblReservationFlightDetails
FSP_V3_Production,dbo,ProPaySettings,FSP_V3_Production,dbo,PK_ProPaySettings
FSP_V3_Production,inv,MerchantAccounts,FSP_V3_Production,inv,UK_MerchantAccount_ExternalId_TypeId
FSP_V3_Production,dbo,tblPersontoUserJoiner,FSP_V3_Production,dbo,PK_tblPersontoUserJoiner
FSP_V3_Production,dbo,LabelCategories,FSP_V3_Production,dbo,PK_LabelCategories
FSP_V3_Production,dbo,tblMeterRecords,FSP_V3_Production,dbo,FK_tblFlightRecord_tblMeterRecords
FSP_V3_Production,dbo,SalesTransactionPayments,FSP_V3_Production,dbo,FK_SalesTransactionPayments_PaymentTokenId
FSP_V3_Production,dbo,tblReservation,FSP_V3_Production,dbo,PK_tblReservation
FSP_V3_Production,dbo,LastFlightDates,FSP_V3_Production,dbo,PK_LastFlightDate
FSP_V3_Production,dfl,DiscoveryFlightPurchases,FSP_V3_Production,dfl,PK_DiscoveryFlightPurchases
FSP_V3_Production,mx,PartRequestsToStockRecordsJoiner,FSP_V3_Production,mx,PK_PartRequestsToStockRecordsJoiner
FSP_V3_Production,inv,MerchantAccounts,FSP_V3_Production,inv,UK_MerchantAccount_MerchantAccountGuid
FSP_V3_Production,dbo,tblPreferences,FSP_V3_Production,dbo,PK_tblPreferences
FSP_V3_Production,dbo,SalesTransactionLineItems,FSP_V3_Production,dbo,PK_SalesTransactionLineItems
FSP_V3_Production,dbo,tblStandardFlightRecord,FSP_V3_Production,dbo,FK_tblFlightRecord_tblStandardFlightRecord
FSP_V3_Production,dbo,tblProductNiches,FSP_V3_Production,dbo,PK_tblProductNiches
FSP_V3_Production,dbo,ScheduleMatchUserPreferencesToAircraftJoiner,FSP_V3_Production,dbo,FK_ScheduleMatchUserPreferencesToAircraftJoiner_ScheduleMatchUserPreferences
FSP_V3_Production,dbo,tblReservationPilots,FSP_V3_Production,dbo,FK_tblReservationPilots_tblReservation
FSP_V3_Production,mx,StockRecords,FSP_V3_Production,mx,FK_StockRecords_Aircraft
FSP_V3_Production,inv,MerchantAccounts,FSP_V3_Production,inv,UK_MerchantAccounts_OperatorId_MerchantAccountId
FSP_V3_Production,dbo,tblRole,FSP_V3_Production,dbo,PK_tblRole
FSP_V3_Production,mx,InventoryLocations,FSP_V3_Production,mx,PK_InventoryLocations
FSP_V3_Production,dbo,tblStaffPilots,FSP_V3_Production,dbo,PK_tblStaffPilots
FSP_V3_Production,dbo,ScheduleMatchUserPreferencesToAircraftJoiner,FSP_V3_Production,dbo,FK_ScheduleMatchUserPreferencesToAircraftJoiner_TblAircraft
FSP_V3_Production,dbo,tblReservationFlightDetails,FSP_V3_Production,dbo,FK_tblReservationFlightDetails_tblReservation
FSP_V3_Production,dfl,DiscoveryFlightSettingsToLineItemJoiner,FSP_V3_Production,dfl,PK_DiscoveryFlightSettingsToLineItemJoiner
FSP_V3_Production,inv,MerchantAccountToLocationJoiner,FSP_V3_Production,inv,FK_MerchantAccountToLocationJoiner_MerchantAccountId
FSP_V3_Production,dbo,tblRole,FSP_V3_Production,dbo,IX_tblRole
FSP_V3_Production,mx,InventoryLocations,FSP_V3_Production,mx,FK_InventoryLocations_Attachments
FSP_V3_Production,dbo,tblStaffPilotLocationJoiner,FSP_V3_Production,dbo,PK_tblStaffPilotLocationJoiner
FSP_V3_Production,dbo,ScheduleMatchUserPreferencesToFlightInstructorJoiner,FSP_V3_Production,dbo,FK_ScheduleMatchUserPreferencesToFlightInstructorJoiner_ScheduleMatchUserPreferences
FSP_V3_Production,dbo,tblReservationResources,FSP_V3_Production,dbo,FK_tblReservationResources_tblReservation
FSP_V3_Production,dbo,CustomSquawkResolutions,FSP_V3_Production,dbo,PK_CustomSquawkResolutions
FSP_V3_Production,inv,MerchantAccountToMaintenanceLocationJoiner,FSP_V3_Production,inv,FK_MerchantAccountToMaintenanceLocationJoiner_MerchantAccountId
FSP_V3_Production,dbo,SalesTransactions,FSP_V3_Production,dbo,PK_SalesTransactions
FSP_V3_Production,dbo,tblReservationNotifications,FSP_V3_Production,dbo,FK_tblReservationNotifications_tblReservation
FSP_V3_Production,dbo,tblStaffPilotLocationJoiner,FSP_V3_Production,dbo,IX_tblStaffPilotLocationJoiner
FSP_V3_Production,dbo,ScheduleMatchUserPreferencesToFlightInstructorJoiner,FSP_V3_Production,dbo,FK_ScheduleMatchUserPreferencesToFlightInstructorJoiner_tblFlightInstructor
FSP_V3_Production,dbo,tblDispatchRecords,FSP_V3_Production,dbo,PK_tblDispatchRecords
FSP_V3_Production,dfl,DiscoveryFlightSettingsToPeopleGroupJoiner,FSP_V3_Production,dfl,PK_DiscoveryFlightSettingsToPeopleGroupJoiner
FSP_V3_Production,mx,PartsRemoved,FSP_V3_Production,mx,PK_mx.PartsRemoved
FSP_V3_Production,inv,PaymentTokens,FSP_V3_Production,inv,CHK_PaymentTokens_TypeId_IsDefault
FSP_V3_Production,dbo,tblAttachments,FSP_V3_Production,dbo,PK_tblAttachments
FSP_V3_Production,dbo,SalesTransactions,FSP_V3_Production,dbo,UK_SalesTransactions
FSP_V3_Production,dbo,tblUserSchedule,FSP_V3_Production,dbo,PK_tblUserSchedule
FSP_V3_Production,dbo,ScheduleMatchUserPreferencesToSchedulingGroupsJoiner,FSP_V3_Production,dbo,FK_ScheduleMatchUserPreferencesToSchedulingGroupsJoiner_ScheduleMatchUserPreferences
FSP_V3_Production,dbo,tblDispatchPilots,FSP_V3_Production,dbo,PK_tblDispatchPilots
FSP_V3_Production,dbo,tblAustraliaStates,FSP_V3_Production,dbo,PK_tblAustraliaStates
FSP_V3_Production,mx,PartRequestsToStockRecordsJoiner,FSP_V3_Production,mx,FK_PartRequestsToStockRecordsJoiner_PartRequests
FSP_V3_Production,inv,PaymentTokens,FSP_V3_Production,inv,CHK_PaymentTokens_TypeId_IsTemporary
FSP_V3_Production,dbo,tblCustomerTerms,FSP_V3_Production,dbo,PK_tblCustomerTerms
FSP_V3_Production,dbo,Labels,FSP_V3_Production,dbo,PK_Labels
FSP_V3_Production,dbo,HubSpotSettings,FSP_V3_Production,dbo,PK_HubSpotSettings
FSP_V3_Production,dbo,tblUserSchedule,FSP_V3_Production,dbo,IX_tblUserSchedule
FSP_V3_Production,dbo,ScheduleMatchUserPreferencesToSchedulingGroupsJoiner,FSP_V3_Production,dbo,FK_ScheduleMatchUserPreferencesToSchedulingGroupsJoiner_SchedulingGroups
FSP_V3_Production,dbo,tblDispatchPilots,FSP_V3_Production,dbo,FK_tblDispatchPilots_tblDispatchRecords
FSP_V3_Production,dbo,tblUKCounties,FSP_V3_Production,dbo,PK_tblUKCounties
FSP_V3_Production,dfl,DiscoveryFlightSettingsToRoleJoiner,FSP_V3_Production,dfl,PK_DiscoveryFlightSettingsToRoleJoiner
FSP_V3_Production,dbo,V40PricingResourceCounts,FSP_V3_Production,dbo,PK_V40PricingResourceCounts
FSP_V3_Production,mx,PartRequestsToStockRecordsJoiner,FSP_V3_Production,mx,FK_PartRequestsToStockRecordsJoiner_StockRecords
FSP_V3_Production,dbo,tblInvoicingInvoice,FSP_V3_Production,dbo,IX_tblInvoicingInvoice_InvoiceNumber
FSP_V3_Production,dbo,tblAircraft,FSP_V3_Production,dbo,PK_tblAircraft
FSP_V3_Production,dbo,tblCompanyToProductNicheJoiner,FSP_V3_Production,dbo,PK_tblCompanyToProductNicheJoiner
FSP_V3_Production,dbo,tblDispatchResources,FSP_V3_Production,dbo,PK_tblDispatchResources
FSP_V3_Production,mx,PartsRemoved,FSP_V3_Production,mx,FK_PartsRemoved_PartsRemoved
FSP_V3_Production,dbo,tblStates,FSP_V3_Production,dbo,PK_tblStates
FSP_V3_Production,mx,StockRecordStatus,FSP_V3_Production,mx,PK_StockRecordStatus
FSP_V3_Production,dbo,tblRemovedReservationFlightLegs,FSP_V3_Production,dbo,PK_tblRemovedReservationFlightLegs
FSP_V3_Production,dbo,tblDispatchResources,FSP_V3_Production,dbo,FK_tblDispatchResources_tblDispatchRecords
FSP_V3_Production,dbo,OperatorSettings,FSP_V3_Production,dbo,PK_CompanySettings
FSP_V3_Production,dfl,DiscoveryFlightSettings,FSP_V3_Production,dfl,PK_DiscoveryFlightSettings
FSP_V3_Production,dbo,V40PricingCurrentChargeCount,FSP_V3_Production,dbo,PK_V40PricingCurrentCharge
FSP_V3_Production,mx,PartsRemoved,FSP_V3_Production,mx,FK_PartsRemoved_WorkOrders
FSP_V3_Production,dbo,tblAircraftModels,FSP_V3_Production,dbo,PK_tblAircraftModels
FSP_V3_Production,dbo,tblUserScheduleAdjustments,FSP_V3_Production,dbo,PK_tblUserScheduleAdjustments
FSP_V3_Production,mx,PartsRemoved,FSP_V3_Production,mx,FK_PartsRemoved_WorkItems
FSP_V3_Production,mx,StockRecordStatusOverrides,FSP_V3_Production,mx,PK_StockRecordStatusOverrides
FSP_V3_Production,dbo,LabelToRoleJoiner,FSP_V3_Production,dbo,PK_LabelToRoleJoiner
FSP_V3_Production,dbo,WorkItemsToMaintenanceReminderTemplatesJoiner,FSP_V3_Production,dbo,PK_WorkItemsToMaintenanceReminderTemplatesJoiner
FSP_V3_Production,mx,PartsRemoved,FSP_V3_Production,mx,FK_PartsRemoved_Parts
FSP_V3_Production,dbo,tblRemovedReservationResources,FSP_V3_Production,dbo,PK_tblRemovedReservationResources
FSP_V3_Production,dbo,SalesTransactionPaymentsStarted,FSP_V3_Production,dbo,PK_SalesTransactionsPaymentsStarted
FSP_V3_Production,inv,CreditCardAccountingSyncMappings,FSP_V3_Production,inv,PK_CreditCardAccountingSyncMappings
FSP_V3_Production,dbo,GlobalUsers,FSP_V3_Production,dbo,PK_GlobalUsers
FSP_V3_Production,mx,StockRecords,FSP_V3_Production,mx,FK_StockRecords_PartsRemoved
FSP_V3_Production,dbo,tblReflectionTypes,FSP_V3_Production,dbo,PK_tblReflectionTypes
FSP_V3_Production,dbo,tblPilotInsuranceInfo,FSP_V3_Production,dbo,PK_tblPilotInsuranceInfo
FSP_V3_Production,dbo,WorkItemsToMaintenanceReminderTemplatesJoiner,FSP_V3_Production,dbo,FK_WorkItemsToMaintenanceReminderTemplatesJoiner_WorkItems
FSP_V3_Production,mx,StockRecordStatusOverrides,FSP_V3_Production,mx,FK_StockRecordStatusOverrides_StockRecordStatus
FSP_V3_Production,dbo,LabelToUserJoiner,FSP_V3_Production,dbo,PK_LabelToUserJoiner
FSP_V3_Production,dbo,tblReservationRecurringInfo,FSP_V3_Production,dbo,PK_tblReservationRecurringInfo
FSP_V3_Production,dbo,tblContactNumberTypes,FSP_V3_Production,dbo,PK_tblContactNumberTypes
FSP_V3_Production,dbo,LabelToRoleJoiner,FSP_V3_Production,dbo,FK_LabelToRoleJoiner_Labels
FSP_V3_Production,dbo,JobRunsScheduled,FSP_V3_Production,dbo,PK_JobRunsScheduled
FSP_V3_Production,dbo,tblPostItemRoleIds,FSP_V3_Production,dbo,FK_tblPostItemRoleIds_tblPostItems
FSP_V3_Production,dbo,FileImports,FSP_V3_Production,dbo,PK_FileImports
FSP_V3_Production,dbo,tblPersonToContactNumberJoiner,FSP_V3_Production,dbo,PK_tblPersonToContactNumberJoiner
FSP_V3_Production,dbo,LabelToRoleJoiner,FSP_V3_Production,dbo,FK_LabelToRoleJoiner_TblUsers
FSP_V3_Production,dbo,ReservationTrainingSessions,FSP_V3_Production,dbo,PK_ReservationTrainingSessions
FSP_V3_Production,dbo,AircraftMaintenanceCalcSettings,FSP_V3_Production,dbo,PK_AircraftMaintenanceCalcSettingsId
FSP_V3_Production,dbo,tblLinks,FSP_V3_Production,dbo,PK_tblLinks
FSP_V3_Production,dbo,LabelToUserJoiner,FSP_V3_Production,dbo,FK_LabelToUserJoiner_Labels
FSP_V3_Production,dbo,tblResourceLineItemJoiner,FSP_V3_Production,dbo,PK_tblResourceLineItemJoiner
FSP_V3_Production,dbo,tblCompanyGatewayHeaders,FSP_V3_Production,dbo,PK_tblCompanyGatewayHeaders
FSP_V3_Production,dbo,LabelToUserJoiner,FSP_V3_Production,dbo,FK_LabelToUserJoiner_TblUsers
FSP_V3_Production,dbo,RemovedReservationTrainingSessions,FSP_V3_Production,dbo,PK_RemovedReservationTrainingSessions
FSP_V3_Production,dbo,tblAdminStats,FSP_V3_Production,dbo,PK_tblAdminStats
FSP_V3_Production,dbo,AsyncTasks,FSP_V3_Production,dbo,PK_AsyncTasks
FSP_V3_Production,dbo,tblPostItemRoleIds,FSP_V3_Production,dbo,PK_tblPostItemRoleIds
FSP_V3_Production,dbo,Labels,FSP_V3_Production,dbo,FK_Labels_LabelCategories
FSP_V3_Production,dbo,ReservationTrainingSessions,FSP_V3_Production,dbo,FK_ReservationTrainingSessions_tblReservation
FSP_V3_Production,dbo,tblPilotCurrencyReminders,FSP_V3_Production,dbo,PK_tblPilotCurrencyReminders
