CONSTRAINT_CATALOG,CONSTRAINT_SCHEMA,CONSTRAINT_NAME,TABLE_CATALOG,TABLE_SCHEMA,TABLE_NAME,COLUMN_NAME,ORDINAL_POSITION
fsp-165587,AzureSync,PK_AzureSyncTablesForCore,fsp-165587,AzureSync,AzureSyncTablesForCore,_RowNumber,1
fsp-165587,AzureSync,PK_AzureSyncTablesForCurriculum,fsp-165587,AzureSync,AzureSyncTablesForCurriculum,_RowNumber,1
fsp-165587,AzureSync,PK_PreviousCoreChangeTrackingVersion,fsp-165587,AzureSync,PreviousCoreChangeTrackingVersion,Id,1
fsp-165587,AzureSync,PK_PreviousCurriculumChangeTrackingVersion,fsp-165587,AzureSync,PreviousCurriculumChangeTrackingVersion,Id,1
fsp-165587,AzureSync,PK_SyncRuns,fsp-165587,AzureSync,SyncRuns,_RowNumber,1
fsp-165587,dbo,PK_AccountingSyncBatches,fsp-165587,dbo,AccountingSyncBatches,_RowNumber,1
fsp-165587,dbo,PK_AccountingSyncBatchTransactions,fsp-165587,dbo,AccountingSyncBatchTransactions,_RowNumber,1
fsp-165587,dbo,PK_AircraftOwners,fsp-165587,dbo,AircraftOwners,_RowNumber,1
fsp-165587,dbo,UK_AircraftOwners,fsp-165587,dbo,AircraftOwners,OperatorId,1
fsp-165587,dbo,UK_AircraftOwners,fsp-165587,dbo,AircraftOwners,AircraftId,2
fsp-165587,dbo,UK_AircraftOwners,fsp-165587,dbo,AircraftOwners,OwnerId,3
fsp-165587,dbo,PK_AircraftRateTypes,fsp-165587,dbo,AircraftRateTypes,_RowNumber,1
fsp-165587,dbo,PK_AircraftTypeCheckOutsHistory,fsp-165587,dbo,AircraftTypeCheckOutsHistory,_RowId,1
fsp-165587,dbo,PK_AuditHistoryEvents,fsp-165587,dbo,AuditHistoryEvents,EventId,1
fsp-165587,dbo,PK_Certifications,fsp-165587,dbo,Certifications,_RowId,1
fsp-165587,dbo,UK_Certifications_CertificationId,fsp-165587,dbo,Certifications,CertificationId,1
fsp-165587,dbo,PK_Closings,fsp-165587,dbo,Closings,_RowNumber,1
fsp-165587,dbo,UK_Closings,fsp-165587,dbo,Closings,ClosingId,1
fsp-165587,dbo,PK_ConsolidatedReservations,fsp-165587,dbo,ConsolidatedReservations,ReservationId,1
fsp-165587,dbo,PK_ConsolidatedReservations,fsp-165587,dbo,ConsolidatedReservations,ResourceId,2
fsp-165587,dbo,PK_CourseCertifications,fsp-165587,dbo,CourseCertifications,_RowId,1
fsp-165587,dbo,UK_CourseCertifications_CourseCertificationId,fsp-165587,dbo,CourseCertifications,CourseCertificationId,1
fsp-165587,dbo,PK_CourseCustomDocumentationChecks,fsp-165587,dbo,CourseCustomDocumentationChecks,_RowId,1
fsp-165587,dbo,PK_CourseDocumentUploads,fsp-165587,dbo,CourseDocumentUploads,_RowNumber,1
fsp-165587,dbo,PK_CourseNames,fsp-165587,dbo,CourseNames,_RowNumber,1
fsp-165587,dbo,UK_CourseNames_OperatorId_CourseId,fsp-165587,dbo,CourseNames,OperatorId,1
fsp-165587,dbo,UK_CourseNames_OperatorId_CourseId,fsp-165587,dbo,CourseNames,CourseId,2
fsp-165587,dbo,PK_CourseProfileDocumentationChecks,fsp-165587,dbo,CourseProfileDocumentationChecks,_RowId,1
fsp-165587,dbo,PK_CourseProfileLessonMinimumTimes,fsp-165587,dbo,CourseProfileLessonMinimumTimes,_RowId,1
fsp-165587,dbo,PK_CourseProfiles,fsp-165587,dbo,CourseProfiles,_RowId,1
fsp-165587,dbo,PK_Courses,fsp-165587,dbo,Courses,_RowId,1
fsp-165587,dbo,UK_Courses_CourseId,fsp-165587,dbo,Courses,CourseId,1
fsp-165587,dbo,PK_CourseTasks,fsp-165587,dbo,CourseTasks,_RowId,1
fsp-165587,dbo,UK_CourseTasks_CourseId_Name,fsp-165587,dbo,CourseTasks,CourseId,1
fsp-165587,dbo,UK_CourseTasks_CourseTaskId,fsp-165587,dbo,CourseTasks,CourseTaskId,1
fsp-165587,dbo,UK_CourseTasks_CourseId_Name,fsp-165587,dbo,CourseTasks,Name,2
fsp-165587,dbo,PK_CourseTimeFields,fsp-165587,dbo,CourseTimeFields,_RowId,1
fsp-165587,dbo,PK_CourseTrackedTimeFields,fsp-165587,dbo,CourseTrackedTimeFields,_RowId,1
fsp-165587,dbo,PK_CustomCancellationReasons,fsp-165587,dbo,CustomCancellationReasons,id,1
fsp-165587,dbo,PK_CustomerAccounts,fsp-165587,dbo,CustomerAccounts,_RowNumber,1
fsp-165587,dbo,UK_CustomerAccounts,fsp-165587,dbo,CustomerAccounts,AccountTransactionId,1
fsp-165587,dbo,PK_CustomLessonTasks,fsp-165587,dbo,CustomLessonTasks,_RowId,1
fsp-165587,dbo,UK_CustomLessonTasks_CustomLessonTaskId,fsp-165587,dbo,CustomLessonTasks,CustomLessonTaskId,1
fsp-165587,dbo,PK_CustomProfileDocumentation,fsp-165587,dbo,CustomProfileDocumentation,_RowId,1
fsp-165587,dbo,UK_CustomProfileDocumentation_CustomProfileDocumentationId,fsp-165587,dbo,CustomProfileDocumentation,CustomProfileDocumentationId,1
fsp-165587,dbo,PK_CustomSquawkResolutions,fsp-165587,dbo,CustomSquawkResolutions,id,1
fsp-165587,dbo,PK_CustomTimeFields_CustomTimeFieldId,fsp-165587,dbo,CustomTimeFields,CustomTimeFieldId,1
fsp-165587,dbo,UK_CustomTimeFields_FieldId,fsp-165587,dbo,CustomTimeFields,FieldId,1
fsp-165587,dbo,UK_CustomTimeFields_OperatorId_Name,fsp-165587,dbo,CustomTimeFields,OperatorId,1
fsp-165587,dbo,UK_CustomTimeFields_OperatorId_Name,fsp-165587,dbo,CustomTimeFields,Name,2
fsp-165587,dbo,PK_DiscountGroups,fsp-165587,dbo,DiscountGroup,_RowNumber,1
fsp-165587,dbo,PK_DiscountGroupPeopleGroupJoiner,fsp-165587,dbo,DiscountGroupPeopleGroupJoiner,DiscountGroupId,1
fsp-165587,dbo,PK_DiscountGroupPeopleGroupJoiner,fsp-165587,dbo,DiscountGroupPeopleGroupJoiner,OperatorId,2
fsp-165587,dbo,PK_DiscountGroupPeopleGroupJoiner,fsp-165587,dbo,DiscountGroupPeopleGroupJoiner,PeopleGroupId,3
fsp-165587,dbo,PK_DiscountGroupRoleJoiner,fsp-165587,dbo,DiscountGroupRoleJoiner,DiscountGroupId,1
fsp-165587,dbo,PK_DiscountGroupRoleJoiner,fsp-165587,dbo,DiscountGroupRoleJoiner,OperatorId,2
fsp-165587,dbo,PK_DiscountGroupRoleJoiner,fsp-165587,dbo,DiscountGroupRoleJoiner,RoleId,3
fsp-165587,dbo,PK_DiscountGroupUserJoiner,fsp-165587,dbo,DiscountGroupUserJoiner,DiscountGroupId,1
fsp-165587,dbo,PK_DiscountGroupUserJoiner,fsp-165587,dbo,DiscountGroupUserJoiner,OperatorId,2
fsp-165587,dbo,PK_DiscountGroupUserJoiner,fsp-165587,dbo,DiscountGroupUserJoiner,UserId,3
fsp-165587,dbo,PK_DocumentUploadBackups,fsp-165587,dbo,DocumentUploadBackups,_RowNumber,1
fsp-165587,dbo,PK_DocumentUploads,fsp-165587,dbo,DocumentUploads,_RowNumber,1
fsp-165587,dbo,PK_Endorsements,fsp-165587,dbo,Endorsements,_RowId,1
fsp-165587,dbo,UK_Endorsements_EndorsementId,fsp-165587,dbo,Endorsements,EndorsementId,1
fsp-165587,dbo,PK_EndorsementsHistory,fsp-165587,dbo,EndorsementsHistory,_RowId,1
fsp-165587,dbo,PK_EnrollmentCreditPreviousTotals,fsp-165587,dbo,EnrollmentCreditPreviousTotals,_RowId,1
fsp-165587,dbo,PK_EnrollmentCredits,fsp-165587,dbo,EnrollmentCredits,_RowId,1
fsp-165587,dbo,UK_EnrollmentCredits_EnrollmentId,fsp-165587,dbo,EnrollmentCredits,EnrollmentId,1
fsp-165587,dbo,PK_EnrollmentDocuments,fsp-165587,dbo,EnrollmentDocuments,_RowId,1
fsp-165587,dbo,PK_EnrollmentInstructors,fsp-165587,dbo,EnrollmentInstructors,_RowId,1
fsp-165587,dbo,PK_Enrollments,fsp-165587,dbo,Enrollments,_RowId,1
fsp-165587,dbo,UK_Enrollments_EnrollmentId,fsp-165587,dbo,Enrollments,EnrollmentId,1
fsp-165587,dbo,PK_EnrollmentsLog,fsp-165587,dbo,EnrollmentsLog,_RowNumber,1
fsp-165587,dbo,PK_EnrollmentTimes,fsp-165587,dbo,EnrollmentTimes,OperatorId,1
fsp-165587,dbo,PK_EnrollmentTimes,fsp-165587,dbo,EnrollmentTimes,EnrollmentId,2
fsp-165587,dbo,PK_EnrollmentTimes,fsp-165587,dbo,EnrollmentTimes,TimeFieldId,3
fsp-165587,dbo,PK_Exams,fsp-165587,dbo,Exams,_RowId,1
fsp-165587,dbo,UK_Exams_ExamId,fsp-165587,dbo,Exams,ExamId,1
fsp-165587,dbo,PK_ExamScoreDocuments,fsp-165587,dbo,ExamScoreDocuments,_RowId,1
fsp-165587,dbo,PK_ExamScores,fsp-165587,dbo,ExamScores,_RowId,1
fsp-165587,dbo,UK_ExamScores_ExamScoreId,fsp-165587,dbo,ExamScores,ExamScoreId,1
fsp-165587,dbo,PK_FlightInstructorCertificate,fsp-165587,dbo,FlightInstructorCertificate,_RowId,1
fsp-165587,dbo,UK_FlightInstructorCertificate,fsp-165587,dbo,FlightInstructorCertificate,UserId,1
fsp-165587,dbo,PK_Headings,fsp-165587,dbo,Headings,_RowId,1
fsp-165587,dbo,UK_Headings_HeadingId,fsp-165587,dbo,Headings,HeadingId,1
fsp-165587,dbo,PK_HistoricalTrainingSessionAirports,fsp-165587,dbo,HistoricalTrainingSessionAirports,_RowId,1
fsp-165587,dbo,UK_HistoricalTrainingSessionAirports_HistoricalTrainingSessionIdAirportIdOrder,fsp-165587,dbo,HistoricalTrainingSessionAirports,HistoricalTrainingSessionId,1
fsp-165587,dbo,UK_HistoricalTrainingSessionAirports_HistoricalTrainingSessionIdAirportIdOrder,fsp-165587,dbo,HistoricalTrainingSessionAirports,AirportId,2
fsp-165587,dbo,UK_HistoricalTrainingSessionAirports_HistoricalTrainingSessionIdAirportIdOrder,fsp-165587,dbo,HistoricalTrainingSessionAirports,Order,3
fsp-165587,dbo,PK_HistoricalTrainingSessionCustomTaskGrades,fsp-165587,dbo,HistoricalTrainingSessionCustomTaskGrades,_RowId,1
fsp-165587,dbo,UK_HistoricalTrainingSessionCustomTaskGrades_HistoricalTrainingSessionIdTaskId,fsp-165587,dbo,HistoricalTrainingSessionCustomTaskGrades,HistoricalTrainingSessionId,1
fsp-165587,dbo,UK_HistoricalTrainingSessionCustomTaskGrades_HistoricalTrainingSessionIdTaskId,fsp-165587,dbo,HistoricalTrainingSessionCustomTaskGrades,TaskId,2
fsp-165587,dbo,PK_HistoricalTrainingSessions,fsp-165587,dbo,HistoricalTrainingSessions,_RowId,1
fsp-165587,dbo,UK_HistoricalTrainingSessions_HistoricalTrainingSessionId,fsp-165587,dbo,HistoricalTrainingSessions,HistoricalTrainingSessionId,1
fsp-165587,dbo,PK_HistoricalTrainingSessionTaskGrades,fsp-165587,dbo,HistoricalTrainingSessionTaskGrades,_RowId,1
fsp-165587,dbo,UK_HistoricalTrainingSessionTaskGrades_HistoricalTrainingSessionIdTaskId,fsp-165587,dbo,HistoricalTrainingSessionTaskGrades,HistoricalTrainingSessionId,1
fsp-165587,dbo,UK_HistoricalTrainingSessionTaskGrades_HistoricalTrainingSessionIdTaskId,fsp-165587,dbo,HistoricalTrainingSessionTaskGrades,TaskId,2
fsp-165587,dbo,PK_HistoricalTrainingSessionTimes,fsp-165587,dbo,HistoricalTrainingSessionTimes,_RowId,1
fsp-165587,dbo,UK_HistoricalTrainingSessionTimes_HistoricalTrainingSessionIdFieldId,fsp-165587,dbo,HistoricalTrainingSessionTimes,HistoricalTrainingSessionId,1
fsp-165587,dbo,UK_HistoricalTrainingSessionTimes_HistoricalTrainingSessionIdFieldId,fsp-165587,dbo,HistoricalTrainingSessionTimes,FieldId,2
fsp-165587,dbo,PK_InstructionTypes,fsp-165587,dbo,InstructionTypes,InstructionTypeId,1
fsp-165587,dbo,PK_InvoiceLocationPreferences,fsp-165587,dbo,InvoiceLocationPreferences,_RowNumber,1
fsp-165587,dbo,PK_InvoicingAccount,fsp-165587,dbo,InvoicingAccount,InvoicingAccountId,1
fsp-165587,dbo,PK_InvoicingAccountPayments,fsp-165587,dbo,InvoicingAccountPayments,_RowId,1
fsp-165587,dbo,UK_InvoicingAccountPayments,fsp-165587,dbo,InvoicingAccountPayments,AccountPaymentId,1
fsp-165587,dbo,PK_LabelCategories,fsp-165587,dbo,LabelCategories,LabelCategoryId,1
fsp-165587,dbo,PK_Labels,fsp-165587,dbo,Labels,LabelId,1
fsp-165587,dbo,PK_LabelToRoleJoiner,fsp-165587,dbo,LabelToRoleJoiner,LabelId,1
fsp-165587,dbo,PK_LabelToRoleJoiner,fsp-165587,dbo,LabelToRoleJoiner,OperatorId,2
fsp-165587,dbo,PK_LabelToRoleJoiner,fsp-165587,dbo,LabelToRoleJoiner,RoleId,3
fsp-165587,dbo,PK_LabelToUserJoiner,fsp-165587,dbo,LabelToUserJoiner,LabelId,1
fsp-165587,dbo,PK_LabelToUserJoiner,fsp-165587,dbo,LabelToUserJoiner,OperatorId,2
fsp-165587,dbo,PK_LabelToUserJoiner,fsp-165587,dbo,LabelToUserJoiner,UserGuid,3
fsp-165587,dbo,PK_LastFlightDate,fsp-165587,dbo,LastFlightDates,_RowNumber,1
fsp-165587,dbo,PK_LastFlightDateByMakeModel,fsp-165587,dbo,LastFlightDatesByMakeModel,_RowNumber,1
fsp-165587,dbo,PK_LastFlightDatesHistory,fsp-165587,dbo,LastFlightDatesHistory,_RowNumber,1
fsp-165587,dbo,PK_LastFlightDateLog,fsp-165587,dbo,LastFlightDatesLog,_RowNumber,1
fsp-165587,dbo,PK_LessonGrades,fsp-165587,dbo,LessonGrades,_RowId,1
fsp-165587,dbo,UK_LessonGrades_LessonGradeId,fsp-165587,dbo,LessonGrades,LessonGradeId,1
fsp-165587,dbo,PK_LessonGradeScales,fsp-165587,dbo,LessonGradeScales,_RowId,1
fsp-165587,dbo,UK_LessonGradeScales_CourseId_Name,fsp-165587,dbo,LessonGradeScales,CourseId,1
fsp-165587,dbo,UK_LessonGradeScales_LessonGradeScaleId,fsp-165587,dbo,LessonGradeScales,LessonGradeScaleId,1
fsp-165587,dbo,UK_LessonGradeScales_CourseId_Name,fsp-165587,dbo,LessonGradeScales,Name,2
fsp-165587,dbo,PK_LessonNames,fsp-165587,dbo,LessonNames,_RowNumber,1
fsp-165587,dbo,UK_LessonNames_OperatorId_CourseId_LessonId,fsp-165587,dbo,LessonNames,OperatorId,1
fsp-165587,dbo,UK_LessonNames_OperatorId_CourseId_LessonId,fsp-165587,dbo,LessonNames,CourseId,2
fsp-165587,dbo,UK_LessonNames_OperatorId_CourseId_LessonId,fsp-165587,dbo,LessonNames,LessonId,3
fsp-165587,dbo,PK_Lessons,fsp-165587,dbo,Lessons,_RowId,1
fsp-165587,dbo,UK_Lessons_LessonId,fsp-165587,dbo,Lessons,LessonId,1
fsp-165587,dbo,PK_LessonTasks,fsp-165587,dbo,LessonTasks,_RowId,1
fsp-165587,dbo,UK_LessonTasks_LessonTaskId,fsp-165587,dbo,LessonTasks,LessonTaskId,1
fsp-165587,dbo,PK_LessonTrackedTimeFields,fsp-165587,dbo,LessonTrackedTimeFields,_RowId,1
fsp-165587,dbo,PK_MaintenanceReminderResolutions,fsp-165587,dbo,MaintenanceReminderResolutions,_RowId,1
fsp-165587,dbo,UK_MaintenanceReminderResolutions_ResolutionId,fsp-165587,dbo,MaintenanceReminderResolutions,ResolutionId,1
fsp-165587,dbo,PK_MaintenanceReminders,fsp-165587,dbo,MaintenanceReminders,_RowId,1
fsp-165587,dbo,UK_MaintenanceReminders,fsp-165587,dbo,MaintenanceReminders,OperatorId,1
fsp-165587,dbo,UK_MaintenanceReminders,fsp-165587,dbo,MaintenanceReminders,ReminderId,2
fsp-165587,dbo,PK_MaintenanceReminderTemplates,fsp-165587,dbo,MaintenanceReminderTemplates,_RowId,1
fsp-165587,dbo,UK_MaintenanceReminderTemplates,fsp-165587,dbo,MaintenanceReminderTemplates,TemplateId,1
fsp-165587,dbo,UK_MaintenanceReminderTemplates,fsp-165587,dbo,MaintenanceReminderTemplates,OperatorId,2
fsp-165587,dbo,PK_MassEmailAttachments,fsp-165587,dbo,MassEmailAttachments,_rowId,1
fsp-165587,dbo,PK_MassEmailPeopleGroupIds,fsp-165587,dbo,MassEmailPeopleGroupIds,_RowId,1
fsp-165587,dbo,PK_MassEmailRoleIds,fsp-165587,dbo,MassEmailRoleIds,_RowId,1
fsp-165587,dbo,UK_MassEmailRoleIds_MassEmailId_RoleId,fsp-165587,dbo,MassEmailRoleIds,MassEmailId,1
fsp-165587,dbo,UK_MassEmailRoleIds_MassEmailId_RoleId,fsp-165587,dbo,MassEmailRoleIds,RoleId,2
fsp-165587,dbo,PK_MassEmails,fsp-165587,dbo,MassEmails,_rowId,1
fsp-165587,dbo,UK_MassEmails_MassEmailId,fsp-165587,dbo,MassEmails,MassEmailId,1
fsp-165587,dbo,PK_MassEmailUserIds,fsp-165587,dbo,MassEmailUserIds,_RowId,1
fsp-165587,dbo,UK_MassEmailUserIds_MassEmailId_UserId,fsp-165587,dbo,MassEmailUserIds,MassEmailId,1
fsp-165587,dbo,UK_MassEmailUserIds_MassEmailId_UserId,fsp-165587,dbo,MassEmailUserIds,UserId,2
fsp-165587,dbo,PK_MeetingRooms,fsp-165587,dbo,MeetingRooms,_RowNumber,1
fsp-165587,dbo,PK_MembershipSettings,fsp-165587,dbo,MembershipSettings,_RowNumber,1
fsp-165587,dbo,PK_MembershipSubscriptions,fsp-165587,dbo,MembershipSubscriptions,_RowNumber,1
fsp-165587,dbo,PK_MembershipSubscriptionsHistory,fsp-165587,dbo,MembershipSubscriptionsHistory,_RowNumber,1
fsp-165587,dbo,PK__MeterRec__94D7B0A4B23CE40E,fsp-165587,dbo,MeterRecordSegments,_RowId,1
fsp-165587,dbo,PK_OperatorAirportIdentifiers,fsp-165587,dbo,OperatorAirportIdentifiers,_RowId,1
fsp-165587,dbo,UK_OperatorAirportIdentifiers_OperatorIdAirportId,fsp-165587,dbo,OperatorAirportIdentifiers,OperatorId,1
fsp-165587,dbo,UK_OperatorAirportIdentifiers_OperatorIdAirportId,fsp-165587,dbo,OperatorAirportIdentifiers,AirportId,2
fsp-165587,dbo,PK_CompanySettings,fsp-165587,dbo,OperatorSettings,_RowNumber,1
fsp-165587,dbo,PK_Parts,fsp-165587,dbo,Parts,_RowId,1
fsp-165587,dbo,UK_Parts_PartId,fsp-165587,dbo,Parts,PartId,1
fsp-165587,dbo,PK_PeopleGroupActivityTypes,fsp-165587,dbo,PeopleGroupActivityTypes,_RowNumber,1
fsp-165587,dbo,PK_PeopleGroups,fsp-165587,dbo,PeopleGroups,_RowNumber,1
fsp-165587,dbo,PK_PersonNotes,fsp-165587,dbo,PersonNotes,PersonNoteId,1
fsp-165587,dbo,PK_Phases,fsp-165587,dbo,Phases,_RowId,1
fsp-165587,dbo,UK_Phases_PhaseId,fsp-165587,dbo,Phases,PhaseId,1
fsp-165587,dbo,PK_PhaseTrackedTimeFields,fsp-165587,dbo,PhaseTrackedTimeFields,_RowId,1
fsp-165587,dbo,PK_PhotoIds,fsp-165587,dbo,PhotoIds,_RowId,1
fsp-165587,dbo,PK_PilotMedicalCertificate,fsp-165587,dbo,PilotMedicalCertificate,PilotId,1
fsp-165587,dbo,PK_ProfileDocumentation,fsp-165587,dbo,ProfileDocumentation,_RowId,1
fsp-165587,dbo,UK_ProfileDocumentation_CompanyIdProfileDocumentationTypeId,fsp-165587,dbo,ProfileDocumentation,CompanyId,1
fsp-165587,dbo,UK_ProfileDocumentation_ProfileDocumentationId,fsp-165587,dbo,ProfileDocumentation,_RowId,1
fsp-165587,dbo,UK_ProfileDocumentation_CompanyIdProfileDocumentationTypeId,fsp-165587,dbo,ProfileDocumentation,DocumentationTypeId,2
fsp-165587,dbo,PK_ProfileDocumentationExpiration,fsp-165587,dbo,ProfileDocumentationExpiration,_RowId,1
fsp-165587,dbo,PK_QBDAccounts,fsp-165587,dbo,QBDAccounts,_RowNumber,1
fsp-165587,dbo,PK_QBDCustomers,fsp-165587,dbo,QBDCustomers,_RowNumber,1
fsp-165587,dbo,PK_QBDPaymentMethods,fsp-165587,dbo,QBDPaymentMethods,_RowNumber,1
fsp-165587,dbo,PK_QBDProducts,fsp-165587,dbo,QBDProducts,_RowNumber,1
fsp-165587,dbo,PK_QBDSalesTaxes,fsp-165587,dbo,QBDSalesTaxes,_RowNumber,1
fsp-165587,dbo,PK_QBDTaxReferences,fsp-165587,dbo,QBDTaxReferences,_RowNumber,1
fsp-165587,dbo,PK_QuickFilters,fsp-165587,dbo,QuickFilters,RowId,1
fsp-165587,dbo,UK_QuickFilters_CompanyId_UserId,fsp-165587,dbo,QuickFilters,CompanyId,1
fsp-165587,dbo,UK_QuickFilters_CompanyId_UserId,fsp-165587,dbo,QuickFilters,UserId,2
fsp-165587,dbo,PK_RemovedReservationTrainingSessions,fsp-165587,dbo,RemovedReservationTrainingSessions,_RowNumber,1
fsp-165587,dbo,PK_ReservationInvoices,fsp-165587,dbo,ReservationInvoices,_RowNumber,1
fsp-165587,dbo,PK_ReservationTrainingSessions,fsp-165587,dbo,ReservationTrainingSessions,_RowNumber,1
fsp-165587,dbo,PK_ReservationTypeCustomProfileDocumentationChecks,fsp-165587,dbo,ReservationTypeCustomProfileDocumentationChecks,_RowId,1
fsp-165587,dbo,UK_ReservationTypeCustomProfileDocumentationChecks_ReservationTypeIdCompanyIdActivityRoleCustomProfileDocumentation,fsp-165587,dbo,ReservationTypeCustomProfileDocumentationChecks,ReservationTypeId,1
fsp-165587,dbo,UK_ReservationTypeCustomProfileDocumentationChecks_ReservationTypeIdCompanyIdActivityRoleCustomProfileDocumentation,fsp-165587,dbo,ReservationTypeCustomProfileDocumentationChecks,CompanyId,2
fsp-165587,dbo,UK_ReservationTypeCustomProfileDocumentationChecks_ReservationTypeIdCompanyIdActivityRoleCustomProfileDocumentation,fsp-165587,dbo,ReservationTypeCustomProfileDocumentationChecks,ActivityRole,3
fsp-165587,dbo,UK_ReservationTypeCustomProfileDocumentationChecks_ReservationTypeIdCompanyIdActivityRoleCustomProfileDocumentation,fsp-165587,dbo,ReservationTypeCustomProfileDocumentationChecks,CustomProfileDocumentationId,4
fsp-165587,dbo,PK_ReservationTypeInstructionTypes,fsp-165587,dbo,ReservationTypeInstructionTypes,_RowNumber,1
fsp-165587,dbo,PK_ReservationTypePilotCurrencyReminderChecks,fsp-165587,dbo,ReservationTypePilotCurrencyReminderChecks,_RowId,1
fsp-165587,dbo,UK_ReservationTypePilotCurrencyReminderChecks_ReservationTypeIdCompanyIdActivityRolePilotCurrencyId,fsp-165587,dbo,ReservationTypePilotCurrencyReminderChecks,ReservationTypeId,1
fsp-165587,dbo,UK_ReservationTypePilotCurrencyReminderChecks_ReservationTypeIdCompanyIdActivityRolePilotCurrencyId,fsp-165587,dbo,ReservationTypePilotCurrencyReminderChecks,CompanyId,2
fsp-165587,dbo,UK_ReservationTypePilotCurrencyReminderChecks_ReservationTypeIdCompanyIdActivityRolePilotCurrencyId,fsp-165587,dbo,ReservationTypePilotCurrencyReminderChecks,ActivityRole,3
fsp-165587,dbo,UK_ReservationTypePilotCurrencyReminderChecks_ReservationTypeIdCompanyIdActivityRolePilotCurrencyId,fsp-165587,dbo,ReservationTypePilotCurrencyReminderChecks,PilotCurrencyId,4
fsp-165587,dbo,PK_ReservationTypeProfileDocumentationChecks,fsp-165587,dbo,ReservationTypeProfileDocumentationChecks,_RowId,1
fsp-165587,dbo,UK_ReservationTypeProfileDocumentationChecks_ReservationTypeIdCompanyIdActivityRoleDocumentationTypeId,fsp-165587,dbo,ReservationTypeProfileDocumentationChecks,ReservationTypeId,1
fsp-165587,dbo,UK_ReservationTypeProfileDocumentationChecks_ReservationTypeIdCompanyIdActivityRoleDocumentationTypeId,fsp-165587,dbo,ReservationTypeProfileDocumentationChecks,CompanyId,2
fsp-165587,dbo,UK_ReservationTypeProfileDocumentationChecks_ReservationTypeIdCompanyIdActivityRoleDocumentationTypeId,fsp-165587,dbo,ReservationTypeProfileDocumentationChecks,ActivityRole,3
fsp-165587,dbo,UK_ReservationTypeProfileDocumentationChecks_ReservationTypeIdCompanyIdActivityRoleDocumentationTypeId,fsp-165587,dbo,ReservationTypeProfileDocumentationChecks,DocumentationTypeId,4
fsp-165587,dbo,PK_ReservationTypeRoleJoiner,fsp-165587,dbo,ReservationTypeRoleJoiner,_RowId,1
fsp-165587,dbo,UK_ReservationTypeRoleJoiner_ReservationTypeIdRoleId,fsp-165587,dbo,ReservationTypeRoleJoiner,ReservationTypeId,1
fsp-165587,dbo,UK_ReservationTypeRoleJoiner_ReservationTypeIdRoleId,fsp-165587,dbo,ReservationTypeRoleJoiner,RoleId,2
fsp-165587,dbo,PK_SalesTransactionLineItems,fsp-165587,dbo,SalesTransactionLineItems,_RowNumber,1
fsp-165587,dbo,UK_SalesTransactionLineItems,fsp-165587,dbo,SalesTransactionLineItems,OperatorId,1
fsp-165587,dbo,UK_SalesTransactionLineItems,fsp-165587,dbo,SalesTransactionLineItems,SalesTransactionId,2
fsp-165587,dbo,UK_SalesTransactionLineItems,fsp-165587,dbo,SalesTransactionLineItems,LineItemId,3
fsp-165587,dbo,PK_SalesTransactionLineItemsDeleted,fsp-165587,dbo,SalesTransactionLineItemsDeleted,_RowNumber,1
fsp-165587,dbo,UK_SalesTransactionLineItemsDeleted,fsp-165587,dbo,SalesTransactionLineItemsDeleted,OperatorId,1
fsp-165587,dbo,UK_SalesTransactionLineItemsDeleted,fsp-165587,dbo,SalesTransactionLineItemsDeleted,SalesTransactionId,2
fsp-165587,dbo,UK_SalesTransactionLineItemsDeleted,fsp-165587,dbo,SalesTransactionLineItemsDeleted,LineItemId,3
fsp-165587,dbo,PK_SalesTransactionPayments,fsp-165587,dbo,SalesTransactionPayments,_RowNumber,1
fsp-165587,dbo,UK_SalesTransactionPayments,fsp-165587,dbo,SalesTransactionPayments,OperatorId,1
fsp-165587,dbo,UK_SalesTransactionPayments,fsp-165587,dbo,SalesTransactionPayments,SalesTransactionId,2
fsp-165587,dbo,UK_SalesTransactionPayments,fsp-165587,dbo,SalesTransactionPayments,PaymentId,3
fsp-165587,dbo,PK_SalesTransactionPaymentsDeleted,fsp-165587,dbo,SalesTransactionPaymentsDeleted,_RowNumber,1
fsp-165587,dbo,UK_SalesTransactionPaymentsDeleted,fsp-165587,dbo,SalesTransactionPaymentsDeleted,OperatorId,1
fsp-165587,dbo,UK_SalesTransactionPaymentsDeleted,fsp-165587,dbo,SalesTransactionPaymentsDeleted,SalesTransactionId,2
fsp-165587,dbo,UK_SalesTransactionPaymentsDeleted,fsp-165587,dbo,SalesTransactionPaymentsDeleted,PaymentId,3
fsp-165587,dbo,PK_SalesTransactionsPaymentsStarted,fsp-165587,dbo,SalesTransactionPaymentsStarted,_RowNumber,1
fsp-165587,dbo,PK_SalesTransactionPaymentsTowardInvoices,fsp-165587,dbo,SalesTransactionPaymentsTowardInvoices,_RowNumber,1
fsp-165587,dbo,PK_SalesTransactions,fsp-165587,dbo,SalesTransactions,_RowNumber,1
fsp-165587,dbo,UK_SalesTransactions,fsp-165587,dbo,SalesTransactions,OperatorId,1
fsp-165587,dbo,UK_SalesTransactions,fsp-165587,dbo,SalesTransactions,SalesTransactionId,2
fsp-165587,dbo,PK_SalesTransactionsDeleted,fsp-165587,dbo,SalesTransactionsDeleted,_RowNumber,1
fsp-165587,dbo,UK_SalesTransactionsDeleted,fsp-165587,dbo,SalesTransactionsDeleted,OperatorId,1
fsp-165587,dbo,UK_SalesTransactionsDeleted,fsp-165587,dbo,SalesTransactionsDeleted,SalesTransactionId,2
fsp-165587,dbo,PK_SalesTransactionSeeds,fsp-165587,dbo,SalesTransactionSeeds,_RowNumber,1
fsp-165587,dbo,UK_SalesTransactionSeeds,fsp-165587,dbo,SalesTransactionSeeds,OperatorId,1
fsp-165587,dbo,UK_SalesTransactionSeeds,fsp-165587,dbo,SalesTransactionSeeds,SalesTransactionId,2
fsp-165587,dbo,PK_ScheduleAvailabilities,fsp-165587,dbo,ScheduleAvailabilities,AvailabilityId,1
fsp-165587,dbo,PK_ScheduleStudentTimeOffOn,fsp-165587,dbo,ScheduleAvailabilityOverrides,OverrideId,1
fsp-165587,dbo,PK_SchedulingGroups,fsp-165587,dbo,SchedulingGroups,_RowNumber,1
fsp-165587,dbo,PK_Stages,fsp-165587,dbo,Stages,_RowId,1
fsp-165587,dbo,UK_Stages_StageId,fsp-165587,dbo,Stages,StageId,1
fsp-165587,dbo,PK_StageTrackedTimeFields,fsp-165587,dbo,StageTrackedTimeFields,_RowId,1
fsp-165587,dbo,PK_StudentLessonCustomTaskGrades,fsp-165587,dbo,StudentLessonCustomTaskGrades,_RowId,1
fsp-165587,dbo,UK_StudentLessonCustomTaskGrades_EnrollmentIdLessonIdCustomLessonTaskId,fsp-165587,dbo,StudentLessonCustomTaskGrades,EnrollmentId,1
fsp-165587,dbo,UK_StudentLessonCustomTaskGrades_EnrollmentIdLessonIdCustomLessonTaskId,fsp-165587,dbo,StudentLessonCustomTaskGrades,LessonId,2
fsp-165587,dbo,UK_StudentLessonCustomTaskGrades_EnrollmentIdLessonIdCustomLessonTaskId,fsp-165587,dbo,StudentLessonCustomTaskGrades,CustomLessonTaskId,3
fsp-165587,dbo,PK_StudentLessons,fsp-165587,dbo,StudentLessons,_RowId,1
fsp-165587,dbo,UK_StudentLessons_LessonIdEnrollmentId,fsp-165587,dbo,StudentLessons,LessonId,1
fsp-165587,dbo,UK_StudentLessons_LessonIdEnrollmentId,fsp-165587,dbo,StudentLessons,EnrollmentId,2
fsp-165587,dbo,PK_StudentLessonsPreviousCredit,fsp-165587,dbo,StudentLessonsPreviousCredits,_RowId,1
fsp-165587,dbo,PK_StudentLessonTaskGrades,fsp-165587,dbo,StudentLessonTaskGrades,_RowId,1
fsp-165587,dbo,UK_StudentLessonTaskGrades_EnrollmentIdLessonIdLessonTaskId,fsp-165587,dbo,StudentLessonTaskGrades,EnrollmentId,1
fsp-165587,dbo,UK_StudentLessonTaskGrades_EnrollmentIdLessonIdLessonTaskId,fsp-165587,dbo,StudentLessonTaskGrades,LessonId,2
fsp-165587,dbo,UK_StudentLessonTaskGrades_EnrollmentIdLessonIdLessonTaskId,fsp-165587,dbo,StudentLessonTaskGrades,LessonTaskId,3
fsp-165587,dbo,PK_StudentProgressDetails,fsp-165587,dbo,StudentProgressDetails,_RowId,1
fsp-165587,dbo,PK_TaskGrades,fsp-165587,dbo,TaskGrades,_RowId,1
fsp-165587,dbo,UK_TaskGrades_TaskGradeId,fsp-165587,dbo,TaskGrades,TaskGradeId,1
fsp-165587,dbo,PK_TaskGradeScales,fsp-165587,dbo,TaskGradeScales,_RowId,1
fsp-165587,dbo,UK_TaskGradeScales_CourseId_Name,fsp-165587,dbo,TaskGradeScales,CourseId,1
fsp-165587,dbo,UK_TaskGradeScales_TaskGradeScaleId,fsp-165587,dbo,TaskGradeScales,TaskGradeScaleId,1
fsp-165587,dbo,UK_TaskGradeScales_CourseId_Name,fsp-165587,dbo,TaskGradeScales,Name,2
fsp-165587,dbo,PK_TaxReferences,fsp-165587,dbo,TaxReferences,_RowNumber,1
fsp-165587,dbo,PK_tblAddress,fsp-165587,dbo,tblAddress,AddressId,1
fsp-165587,dbo,PK_tblAddressFormat,fsp-165587,dbo,tblAddressFormat,CountryId,1
fsp-165587,dbo,PK_tblAddressParts,fsp-165587,dbo,tblAddressParts,AddressPartId,1
fsp-165587,dbo,PK_tblAddressPartsType,fsp-165587,dbo,tblAddressPartsType,AddressPartsTypeId,1
fsp-165587,dbo,PK_tblAircraft,fsp-165587,dbo,tblAircraft,AircraftId,1
fsp-165587,dbo,PK_tblAircraft_AircraftGroupJoiner,fsp-165587,dbo,tblAircraft_AircraftGroupJoiner,AircraftId,1
fsp-165587,dbo,PK_tblAircraft_AircraftGroupJoiner,fsp-165587,dbo,tblAircraft_AircraftGroupJoiner,AircraftGroupId,2
fsp-165587,dbo,PK_tblAircraftCategoryJoiner,fsp-165587,dbo,tblAircraftCategoryJoiner,AircraftId,1
fsp-165587,dbo,PK_tblAircraftCategoryJoiner,fsp-165587,dbo,tblAircraftCategoryJoiner,CategoryId,2
fsp-165587,dbo,PK_tblAircraftDescriptions,fsp-165587,dbo,tblAircraftDescriptions,AircraftId,1
fsp-165587,dbo,PK_tblAircraftEngineJoiner,fsp-165587,dbo,tblAircraftEngineJoiner,AircraftId,1
fsp-165587,dbo,PK_tblAircraftEngineJoiner,fsp-165587,dbo,tblAircraftEngineJoiner,EngineId,2
fsp-165587,dbo,PK_tblAircraftEngineJoiner,fsp-165587,dbo,tblAircraftEngineJoiner,EngineCount,3
fsp-165587,dbo,PK_tblAircraftGroups,fsp-165587,dbo,tblAircraftGroups,AircraftGroupId,1
fsp-165587,dbo,PK_tblAircraftImages,fsp-165587,dbo,tblAircraftImages,AircraftId,1
fsp-165587,dbo,PK_tblAircraftMakes,fsp-165587,dbo,tblAircraftMakes,AircraftMakeId,1
fsp-165587,dbo,PK_tblAircraftModels,fsp-165587,dbo,tblAircraftModels,AircraftModelId,1
fsp-165587,dbo,PK_tblAircraftRatingsCertsEndorsements,fsp-165587,dbo,tblAircraftRatingsCertsEndorsements,AircraftId,1
fsp-165587,dbo,PK_tblAircraftTach,fsp-165587,dbo,tblAircraftTach,AircraftId,1
fsp-165587,dbo,PK_tblAircraftTach,fsp-165587,dbo,tblAircraftTach,TachCount,2
fsp-165587,dbo,PK_tblAircraftTypeCheckOuts,fsp-165587,dbo,tblAircraftTypeCheckOuts,PilotId,1
fsp-165587,dbo,PK_tblAircraftTypeCheckOuts,fsp-165587,dbo,tblAircraftTypeCheckOuts,AircraftMakeId,2
fsp-165587,dbo,PK_tblAircraftTypeCheckOuts,fsp-165587,dbo,tblAircraftTypeCheckOuts,AircraftModelId,3
fsp-165587,dbo,PK_tblAuditEvents,fsp-165587,dbo,tblAuditEvents,EventId,1
fsp-165587,dbo,PK_tblAuditEventTypes,fsp-165587,dbo,tblAuditEventTypes,EventTypeId,1
fsp-165587,dbo,PK_tblAustraliaStates,fsp-165587,dbo,tblAustraliaStates,Abbreviation,1
fsp-165587,dbo,PK_tblCompany,fsp-165587,dbo,tblCompany,Id,1
fsp-165587,dbo,PK_tblCompanyAddressJoiner,fsp-165587,dbo,tblCompanyAddressJoiner,CompanyId,1
fsp-165587,dbo,PK_tblCompanyAddressJoiner,fsp-165587,dbo,tblCompanyAddressJoiner,AddressTypeId,2
fsp-165587,dbo,PK_tblCompanyBusinessTypeJoiner,fsp-165587,dbo,tblCompanyBusinessTypeJoiner,CompanyId,1
fsp-165587,dbo,PK_tblCompanyBusinessTypeJoiner,fsp-165587,dbo,tblCompanyBusinessTypeJoiner,BusinessTypeId,2
fsp-165587,dbo,PK_tblCompanyEmailHeaderImages,fsp-165587,dbo,tblCompanyEmailHeaderImages,Id,1
fsp-165587,dbo,PK_tblCompanyEmailJoiner,fsp-165587,dbo,tblCompanyEmailJoiner,CompanyId,1
fsp-165587,dbo,PK_tblCompanyEmailJoiner,fsp-165587,dbo,tblCompanyEmailJoiner,EmailId,2
fsp-165587,dbo,PK_tblCompanyEmailJoiner,fsp-165587,dbo,tblCompanyEmailJoiner,EmailTypeId,3
fsp-165587,dbo,PK_tblCompanyGatewayHeaders,fsp-165587,dbo,tblCompanyGatewayHeaders,id,1
fsp-165587,dbo,PK_tblCompanyLogos,fsp-165587,dbo,tblCompanyLogos,Id,1
fsp-165587,dbo,PK_tblContactNumbers,fsp-165587,dbo,tblContactNumbers,Id,1
fsp-165587,dbo,PK_tblContactNumberTypes,fsp-165587,dbo,tblContactNumberTypes,Id,1
fsp-165587,dbo,PK_Countries,fsp-165587,dbo,tblCountries,Id,1
fsp-165587,dbo,PK_tblCustomerTerms,fsp-165587,dbo,tblCustomerTerms,Id,1
fsp-165587,dbo,PK_tblCustomResourceType,fsp-165587,dbo,tblCustomResourceType,CustomResourceTypeId,1
fsp-165587,dbo,PK_tblCustomScheduleViews,fsp-165587,dbo,tblCustomScheduleViews,Id,1
fsp-165587,dbo,PK_tblDispatchPilots,fsp-165587,dbo,tblDispatchPilots,DispatchId,1
fsp-165587,dbo,PK_tblDispatchPilots,fsp-165587,dbo,tblDispatchPilots,PilotId,2
fsp-165587,dbo,PK_tblDispatchRecords,fsp-165587,dbo,tblDispatchRecords,Id,1
fsp-165587,dbo,PK_tblDispatchResources,fsp-165587,dbo,tblDispatchResources,DispatchId,1
fsp-165587,dbo,PK_tblDispatchResources,fsp-165587,dbo,tblDispatchResources,ItemId,2
fsp-165587,dbo,PK_tblEmailAddresses,fsp-165587,dbo,tblEmailAddresses,Id,1
fsp-165587,dbo,PK_tblEmailTypes,fsp-165587,dbo,tblEmailTypes,Id,1
fsp-165587,dbo,PK_tblEngine,fsp-165587,dbo,tblEngine,EngineId,1
fsp-165587,dbo,PK_tblEnginePropellerJoiner,fsp-165587,dbo,tblEnginePropellerJoiner,EngineId,1
fsp-165587,dbo,PK_tblEnginePropellerJoiner,fsp-165587,dbo,tblEnginePropellerJoiner,PropellerId,2
fsp-165587,dbo,PK_tblFlightEquipment,fsp-165587,dbo,tblFlightEquipment,EquipmentId,1
fsp-165587,dbo,PK_tblFlightInstructors,fsp-165587,dbo,tblFlightInstructor,InstructorId,1
fsp-165587,dbo,PK_tblFlightInstructorLocationJoiner,fsp-165587,dbo,tblFlightInstructorLocationJoiner,FlightInstructorId,1
fsp-165587,dbo,PK_tblFlightInstructorLocationJoiner,fsp-165587,dbo,tblFlightInstructorLocationJoiner,LocationId,2
fsp-165587,dbo,PK_tblFlightInstructorSchedule,fsp-165587,dbo,tblFlightInstructorSchedule,InstructorId,1
fsp-165587,dbo,PK_tblFlightInstructorSchedule,fsp-165587,dbo,tblFlightInstructorSchedule,CompanyId,2
fsp-165587,dbo,PK_tblFlightInstructorSchedule,fsp-165587,dbo,tblFlightInstructorSchedule,DayOfWeek,3
fsp-165587,dbo,PK_tblFlightInstructorSchedule,fsp-165587,dbo,tblFlightInstructorSchedule,ShiftStart,4
fsp-165587,dbo,PK_tblFlightInstructorScheduleAdjustments,fsp-165587,dbo,tblFlightInstructorScheduleAdjustments,AdjustmentId,1
fsp-165587,dbo,PK_tblFlightInstructorScheduleAdjustmentsInfo,fsp-165587,dbo,tblFlightInstructorScheduleAdjustmentsInfo,RecurringId,1
fsp-165587,dbo,PK_tblFlightRecord,fsp-165587,dbo,tblFlightRecord,FlightRecordId,1
fsp-165587,dbo,PK_tblFlightRecordInstructionTimes,fsp-165587,dbo,tblFlightRecordInstructionTimes,FlightRecordId,1
fsp-165587,dbo,PK_tblFlightRecordInstructionTimes,fsp-165587,dbo,tblFlightRecordInstructionTimes,InstructionTypeId,2
fsp-165587,dbo,PK_tblFlightRecordInstructionTimes,fsp-165587,dbo,tblFlightRecordInstructionTimes,OperatorId,3
fsp-165587,dbo,PK_tblFlightRecordResources,fsp-165587,dbo,tblFlightRecordResources,FlightRecordId,1
fsp-165587,dbo,PK_tblFlightRecordResources,fsp-165587,dbo,tblFlightRecordResources,ItemId,2
fsp-165587,dbo,PK_tblFlightSimulator,fsp-165587,dbo,tblFlightSimulator,FlightSimulatorId,1
fsp-165587,dbo,PK_tblFlightSimulatorTypes,fsp-165587,dbo,tblFlightSimulatorTypes,FlightSimulatorTypeId,1
fsp-165587,dbo,PK_tblGatewayPagesText,fsp-165587,dbo,tblGatewayPagesText,CompanyId,1
fsp-165587,dbo,PK_tblInvoiceImages,fsp-165587,dbo,tblInvoiceImages,id,1
fsp-165587,dbo,IX_tblInvoicingInvoice_InvoiceNumber,fsp-165587,dbo,tblInvoicingInvoice,CompanyId,1
fsp-165587,dbo,PK_tblInvoicingInvoice,fsp-165587,dbo,tblInvoicingInvoice,InvoiceId,1
fsp-165587,dbo,IX_tblInvoicingInvoice_InvoiceNumber,fsp-165587,dbo,tblInvoicingInvoice,InvoiceNumber,2
fsp-165587,dbo,PK_tblInvoicingInvoiceLineItem,fsp-165587,dbo,tblInvoicingInvoiceLineItem,InvoiceId,1
fsp-165587,dbo,PK_tblInvoicingInvoiceLineItem,fsp-165587,dbo,tblInvoicingInvoiceLineItem,Sequence,2
fsp-165587,dbo,PK_tblInvoicingLineItemAircraftFuelRateTypes,fsp-165587,dbo,tblInvoicingLineItemAircraftFuelRateTypes,_RowNumber,1
fsp-165587,dbo,PK_tblInvoicingLineItemAircraftRates,fsp-165587,dbo,tblInvoicingLineItemAircraftRates,_RowNumber,1
fsp-165587,dbo,PK_tblInvoicingLineItemInstructionRates,fsp-165587,dbo,tblInvoicingLineItemInstructionRates,_RowNumber,1
fsp-165587,dbo,PK_tblInvoicingLineItems,fsp-165587,dbo,tblInvoicingLineItems,LineItemId,1
fsp-165587,dbo,PK_tblInvoicingLineItemTaxJoiner,fsp-165587,dbo,tblInvoicingLineItemTaxJoiner,LineItemId,1
fsp-165587,dbo,PK_tblInvoicingLineItemTaxJoiner,fsp-165587,dbo,tblInvoicingLineItemTaxJoiner,TaxId,2
fsp-165587,dbo,PK_tblInvoicingPayments,fsp-165587,dbo,tblInvoicingPayments,PaymentId,1
fsp-165587,dbo,PK_tblInvoicingPreferences,fsp-165587,dbo,tblInvoicingPreferences,CompanyId,1
fsp-165587,dbo,PK_tblInvoicingTaxes,fsp-165587,dbo,tblInvoicingTaxes,TaxId,1
fsp-165587,dbo,PK_tblInvoicingTransactions_1,fsp-165587,dbo,tblInvoicingTransactions,RowId,1
fsp-165587,dbo,PK_tblLocations,fsp-165587,dbo,tblLocations,Id,1
fsp-165587,dbo,PK_tblLocationToCompanyJoiner,fsp-165587,dbo,tblLocationToCompanyJoiner,CompanyId,1
fsp-165587,dbo,PK_tblLocationToCompanyJoiner,fsp-165587,dbo,tblLocationToCompanyJoiner,LocationId,2
fsp-165587,dbo,PK_tblLocationToPersonJoiner,fsp-165587,dbo,tblLocationToPersonJoiner,LocationId,1
fsp-165587,dbo,PK_tblLocationToPersonJoiner,fsp-165587,dbo,tblLocationToPersonJoiner,PersonId,2
fsp-165587,dbo,PK_tblFlightRecords,fsp-165587,dbo,tblLogBookEntries,LogbookEntryId,1
fsp-165587,dbo,PK_tblMaintenanceReminders,fsp-165587,dbo,tblMaintenanceReminders,ReminderId,1
fsp-165587,dbo,PK_tblMeterRecords,fsp-165587,dbo,tblMeterRecords,MeterRecordId,1
fsp-165587,dbo,PK_tblPermission,fsp-165587,dbo,tblPermission,PermissionTypeId,1
fsp-165587,dbo,PK_tblPermission,fsp-165587,dbo,tblPermission,PermissionValue,2
fsp-165587,dbo,PK_tblPerson,fsp-165587,dbo,tblPerson,PersonId,1
fsp-165587,dbo,PK_tblPersonAddressJoiner,fsp-165587,dbo,tblPersonAddressJoiner,PersonId,1
fsp-165587,dbo,PK_tblPersonAddressJoiner,fsp-165587,dbo,tblPersonAddressJoiner,AddressTypeId,2
fsp-165587,dbo,PK_tblPersonAddressJoiner,fsp-165587,dbo,tblPersonAddressJoiner,AddressId,3
fsp-165587,dbo,PK_tblPersonEmailJoiner,fsp-165587,dbo,tblPersonEmailJoiner,PersonId,1
fsp-165587,dbo,PK_tblPersonEmailJoiner,fsp-165587,dbo,tblPersonEmailJoiner,EmailId,2
fsp-165587,dbo,PK_tblPersonEmailJoiner,fsp-165587,dbo,tblPersonEmailJoiner,EmailTypeId,3
fsp-165587,dbo,PK_tblPersonToContactNumberJoiner,fsp-165587,dbo,tblPersonToContactNumberJoiner,PersonId,1
fsp-165587,dbo,PK_tblPersonToContactNumberJoiner,fsp-165587,dbo,tblPersonToContactNumberJoiner,ContactNumberId,2
fsp-165587,dbo,PK_tblPersonToContactNumberJoiner,fsp-165587,dbo,tblPersonToContactNumberJoiner,ContactNumberType,3
fsp-165587,dbo,PK_tblPilot,fsp-165587,dbo,tblPilot,PilotId,1
fsp-165587,dbo,PK_tblPilot_PilotCurrencyRemindersJoiner,fsp-165587,dbo,tblPilot_PilotCurrencyRemindersJoiner,CompanyId,1
fsp-165587,dbo,PK_tblPilot_PilotCurrencyRemindersJoiner,fsp-165587,dbo,tblPilot_PilotCurrencyRemindersJoiner,ReminderId,2
fsp-165587,dbo,PK_tblPilot_PilotCurrencyRemindersJoiner,fsp-165587,dbo,tblPilot_PilotCurrencyRemindersJoiner,PilotId,3
fsp-165587,dbo,PK_tblPilotCertificate,fsp-165587,dbo,tblPilotCertificate,PilotId,1
fsp-165587,dbo,PK_tblPilotCurrencyItems,fsp-165587,dbo,tblPilotCurrencyItems,Id,1
fsp-165587,dbo,PK_tblPilotCurrencyReminders,fsp-165587,dbo,tblPilotCurrencyReminders,Id,1
fsp-165587,dbo,PK_tblPilotCurrencyTypes,fsp-165587,dbo,tblPilotCurrencyTypes,Id,1
fsp-165587,dbo,PK_tblPilotEndorsements,fsp-165587,dbo,tblPilotEndorsements,EndorsementId,1
fsp-165587,dbo,PK_tblPilotInsuranceInfo,fsp-165587,dbo,tblPilotInsuranceInfo,PilotId,1
fsp-165587,dbo,PK_tblPilotPilotEndorsementsJoiner,fsp-165587,dbo,tblPilotPilotEndorsementsJoiner,PilotId,1
fsp-165587,dbo,PK_tblPilotPilotEndorsementsJoiner,fsp-165587,dbo,tblPilotPilotEndorsementsJoiner,EndorsementId,2
fsp-165587,dbo,PK_tblPilotPilotRatingsJoiner,fsp-165587,dbo,tblPilotPilotRatingsJoiner,PilotId,1
fsp-165587,dbo,PK_tblPilotPilotRatingsJoiner,fsp-165587,dbo,tblPilotPilotRatingsJoiner,RatingId,2
fsp-165587,dbo,PK_tblPilotPilotTypesJoiner,fsp-165587,dbo,tblPilotPilotTypesJoiner,PilotId,1
fsp-165587,dbo,PK_tblPilotPilotTypesJoiner,fsp-165587,dbo,tblPilotPilotTypesJoiner,PilotTypeId,2
fsp-165587,dbo,PK_tblPilotRatings,fsp-165587,dbo,tblPilotRatings,RatingId,1
fsp-165587,dbo,PK_tblPilotTSADocuments,fsp-165587,dbo,tblPilotTSADocuments,TSADocumentId,1
fsp-165587,dbo,PK_tblPilotTSAVerification,fsp-165587,dbo,tblPilotTSAVerification,PilotId,1
fsp-165587,dbo,PK_tblPilotTypes,fsp-165587,dbo,tblPilotTypes,PilotTypeId,1
fsp-165587,dbo,PK_tblPostItemRoleIds,fsp-165587,dbo,tblPostItemRoleIds,Id,1
fsp-165587,dbo,PK_tblPostItems,fsp-165587,dbo,tblPostItems,ID,1
fsp-165587,dbo,PK_tblPropeller,fsp-165587,dbo,tblPropeller,PropellerId,1
fsp-165587,dbo,PK_tblProvinces,fsp-165587,dbo,tblProvinces,Abbreviation,1
fsp-165587,dbo,PK_tblRemovedReservation,fsp-165587,dbo,tblRemovedReservation,ReservationId,1
fsp-165587,dbo,PK_tblRemovedReservationFlightDetails,fsp-165587,dbo,tblRemovedReservationFlightDetails,ReservationId,1
fsp-165587,dbo,PK_tblRemovedReservationFlightLegs,fsp-165587,dbo,tblRemovedReservationFlightLegs,Counter,1
fsp-165587,dbo,PK_tblRemovedReservationPilots,fsp-165587,dbo,tblRemovedReservationPilots,ReservationId,1
fsp-165587,dbo,PK_tblRemovedReservationPilots,fsp-165587,dbo,tblRemovedReservationPilots,PilotId,2
fsp-165587,dbo,PK_tblRemovedReservationResources,fsp-165587,dbo,tblRemovedReservationResources,ReservationId,1
fsp-165587,dbo,PK_tblRemovedReservationResources,fsp-165587,dbo,tblRemovedReservationResources,ItemId,2
fsp-165587,dbo,PK_tblReservation,fsp-165587,dbo,tblReservation,ReservationId,1
fsp-165587,dbo,PK_tblReservationFlightDetails,fsp-165587,dbo,tblReservationFlightDetails,ReservationId,1
fsp-165587,dbo,PK_tblReservationFlightLegs,fsp-165587,dbo,tblReservationFlightLegs,Counter,1
fsp-165587,dbo,PK_tblReservationNotifications,fsp-165587,dbo,tblReservationNotifications,ReservationId,1
fsp-165587,dbo,PK_tblReservationPilots,fsp-165587,dbo,tblReservationPilots,ReservationId,1
fsp-165587,dbo,PK_tblReservationPilots,fsp-165587,dbo,tblReservationPilots,PilotId,2
fsp-165587,dbo,PK_tblReservationRecurringInfo,fsp-165587,dbo,tblReservationRecurringInfo,RecurringId,1
fsp-165587,dbo,PK_tblReservationResources,fsp-165587,dbo,tblReservationResources,ReservationId,1
fsp-165587,dbo,PK_tblReservationResources,fsp-165587,dbo,tblReservationResources,ItemId,2
fsp-165587,dbo,PK_tblReservationTypes,fsp-165587,dbo,tblReservationTypes,ReservationTypeId,1
fsp-165587,dbo,PK_tblResourceLineItemJoiner,fsp-165587,dbo,tblResourceLineItemJoiner,ResourceId,1
fsp-165587,dbo,IX_tblRole,fsp-165587,dbo,tblRole,CompanyId,1
fsp-165587,dbo,PK_tblRole,fsp-165587,dbo,tblRole,RoleId,1
fsp-165587,dbo,IX_tblRole,fsp-165587,dbo,tblRole,RoleName,2
fsp-165587,dbo,PK_tblRolePermissionJoiner,fsp-165587,dbo,tblRolePermissionJoiner,RoleId,1
fsp-165587,dbo,PK_tblRolePermissionJoiner,fsp-165587,dbo,tblRolePermissionJoiner,PermissionId,2
fsp-165587,dbo,PK_tblRolePermissionJoiner,fsp-165587,dbo,tblRolePermissionJoiner,PermissionTypeId,3
fsp-165587,dbo,PK_tblSquawk,fsp-165587,dbo,tblSquawk,Id,1
fsp-165587,dbo,IX_tblStaffPilotLocationJoiner,fsp-165587,dbo,tblStaffPilotLocationJoiner,UserGUIDid,1
fsp-165587,dbo,PK_tblStaffPilotLocationJoiner,fsp-165587,dbo,tblStaffPilotLocationJoiner,Counter,1
fsp-165587,dbo,IX_tblStaffPilotLocationJoiner,fsp-165587,dbo,tblStaffPilotLocationJoiner,CompanyId,2
fsp-165587,dbo,IX_tblStaffPilotLocationJoiner,fsp-165587,dbo,tblStaffPilotLocationJoiner,LocationId,3
fsp-165587,dbo,PK_tblStaffPilots,fsp-165587,dbo,tblStaffPilots,Counter,1
fsp-165587,dbo,PK_tblStandardFlightRecord,fsp-165587,dbo,tblStandardFlightRecord,FlightRecordId,1
fsp-165587,dbo,PK_tblStates,fsp-165587,dbo,tblStates,Abbreviation,1
fsp-165587,dbo,PK_tblTimeZones,fsp-165587,dbo,tblTimeZones,Id,1
fsp-165587,dbo,PK_tblUKCounties,fsp-165587,dbo,tblUKCounties,Abbreviation,1
fsp-165587,dbo,PK_tblUserPermissionJoiner,fsp-165587,dbo,tblUserPermissionJoiner,UserId,1
fsp-165587,dbo,PK_tblUserPermissionJoiner,fsp-165587,dbo,tblUserPermissionJoiner,PermissionId,2
fsp-165587,dbo,PK_tblUserPermissionJoiner,fsp-165587,dbo,tblUserPermissionJoiner,PermissionTypeId,3
fsp-165587,dbo,PK_tblUserPermissionJoiner,fsp-165587,dbo,tblUserPermissionJoiner,CompanyId,4
fsp-165587,dbo,PK_tblUserRoleJoiner,fsp-165587,dbo,tblUserRoleJoiner,UserId,1
fsp-165587,dbo,PK_tblUserRoleJoiner,fsp-165587,dbo,tblUserRoleJoiner,RoleId,2
fsp-165587,dbo,PK_tblUsers,fsp-165587,dbo,tblUsers,UserName,1
fsp-165587,dbo,IX_tblUserSchedule,fsp-165587,dbo,tblUserSchedule,UserGuidId,1
fsp-165587,dbo,PK_tblUserSchedule,fsp-165587,dbo,tblUserSchedule,Counter,1
fsp-165587,dbo,IX_tblUserSchedule,fsp-165587,dbo,tblUserSchedule,CompanyId,2
fsp-165587,dbo,IX_tblUserSchedule,fsp-165587,dbo,tblUserSchedule,DayOfWeek,3
fsp-165587,dbo,IX_tblUserSchedule,fsp-165587,dbo,tblUserSchedule,ShiftStart,4
fsp-165587,dbo,PK_tblUserScheduleAdjustments,fsp-165587,dbo,tblUserScheduleAdjustments,Counter,1
fsp-165587,dbo,PK_tblUserToCompanyJoiner,fsp-165587,dbo,tblUserToCompanyJoiner,CompanyId,1
fsp-165587,dbo,PK_tblUserToCompanyJoiner,fsp-165587,dbo,tblUserToCompanyJoiner,UserId,2
fsp-165587,dbo,PK_TimeFields,fsp-165587,dbo,TimeFields,Id,1
fsp-165587,dbo,PK_TrainingSessionAirports,fsp-165587,dbo,TrainingSessionAirports,_RowId,1
fsp-165587,dbo,UK_TrainingSessionAirports_TrainingSessionIdAirportIdOrder,fsp-165587,dbo,TrainingSessionAirports,TrainingSessionId,1
fsp-165587,dbo,UK_TrainingSessionAirports_TrainingSessionIdAirportIdOrder,fsp-165587,dbo,TrainingSessionAirports,AirportId,2
fsp-165587,dbo,UK_TrainingSessionAirports_TrainingSessionIdAirportIdOrder,fsp-165587,dbo,TrainingSessionAirports,Order,3
fsp-165587,dbo,PK_TrainingSessionCustomTaskGrades,fsp-165587,dbo,TrainingSessionCustomTaskGrades,_RowId,1
fsp-165587,dbo,UK_TrainingSessionCustomTaskGrades_TrainingSessionIdTaskId,fsp-165587,dbo,TrainingSessionCustomTaskGrades,TrainingSessionId,1
fsp-165587,dbo,UK_TrainingSessionCustomTaskGrades_TrainingSessionIdTaskId,fsp-165587,dbo,TrainingSessionCustomTaskGrades,TaskId,2
fsp-165587,dbo,PK_TrainingSessions,fsp-165587,dbo,TrainingSessions,_RowId,1
fsp-165587,dbo,UK_TrainingSessions_TrainingSessionId,fsp-165587,dbo,TrainingSessions,TrainingSessionId,1
fsp-165587,dbo,PK_TrainingSessionStudents,fsp-165587,dbo,TrainingSessionStudents,_RowId,1
fsp-165587,dbo,PK_TrainingSessionTaskGrades,fsp-165587,dbo,TrainingSessionTaskGrades,_RowId,1
fsp-165587,dbo,UK_TrainingSessionTaskGrades_TrainingSessionIdTaskId,fsp-165587,dbo,TrainingSessionTaskGrades,TrainingSessionId,1
fsp-165587,dbo,UK_TrainingSessionTaskGrades_TrainingSessionIdTaskId,fsp-165587,dbo,TrainingSessionTaskGrades,TaskId,2
fsp-165587,dbo,PK_TrainingSessionTimes,fsp-165587,dbo,TrainingSessionTimes,_RowId,1
fsp-165587,dbo,UK_TrainingSessionTimes_TrainingSessionIdFieldId,fsp-165587,dbo,TrainingSessionTimes,TrainingSessionId,1
fsp-165587,dbo,UK_TrainingSessionTimes_TrainingSessionIdFieldId,fsp-165587,dbo,TrainingSessionTimes,FieldId,2
fsp-165587,dbo,PK_TSASecurityAwarenessTraining,fsp-165587,dbo,TSASecurityAwarenessTrainings,_RowId,1
fsp-165587,dbo,UK_TSASecurityAwarenessTraining_TSASecurityAwarenessTrainingId,fsp-165587,dbo,TSASecurityAwarenessTrainings,TSASecurityAwarenessTrainingId,1
fsp-165587,dbo,PK_TSASecurityAwarenessTrainingHistory,fsp-165587,dbo,TSASecurityAwarenessTrainingsHistory,_RowId,1
